layer,head,entropy_mean,entropy_std,rtas_mean,rtas_std
cross_attentions_0,0,2.8109586486816407,0.16030149032457316,0.0,0.0
cross_attentions_0,1,2.8296104927062986,0.14189518490272052,0.0,0.0
cross_attentions_0,2,2.6874818263053895,0.15974645272811053,0.0,0.0
cross_attentions_0,3,2.197214210629463,0.21053282303608176,0.0,0.0
cross_attentions_0,4,2.683201081633568,0.21946469730218876,0.0,0.0
cross_attentions_0,5,2.5179447773694994,0.26570674404916195,0.0,0.0
cross_attentions_0,6,2.4588959974050524,0.19495826421141796,0.0,0.0
cross_attentions_0,7,1.9579139293432235,0.16106231553579,0.0,0.0
cross_attentions_0,8,3.0198161685466767,0.14845672522565104,0.0,0.0
cross_attentions_0,9,2.715764981985092,0.15983209776162846,0.0,0.0
cross_attentions_0,10,2.7506501455307006,0.1927683577590598,0.0,0.0
cross_attentions_0,11,2.6841638977527618,0.17108160113342,0.0,0.0
cross_attentions_0,12,2.5085164737701415,0.21214372020851963,0.0,0.0
cross_attentions_0,13,2.7197922260761263,0.23252563454984768,0.0,0.0
cross_attentions_0,14,1.8114321142435075,0.28364057831518713,0.0,0.0
cross_attentions_0,15,2.766360244512558,0.1907660994069525,0.0,0.0
cross_attentions_1,0,2.839975685596466,0.1787920113446394,0.0,0.0
cross_attentions_1,1,2.3431019551754,0.23298632491706653,0.0,0.0
cross_attentions_1,2,2.738421435594559,0.149028854376135,0.0,0.0
cross_attentions_1,3,2.1708295539617537,0.2955740223838918,0.0,0.0
cross_attentions_1,4,2.483860383272171,0.20222703852286567,0.0,0.0
cross_attentions_1,5,2.7322454032897947,0.19487126599985427,0.0,0.0
cross_attentions_1,6,2.7064466013908386,0.1946640597376689,0.0,0.0
cross_attentions_1,7,2.216267602086067,0.24869616572493602,0.0,0.0
cross_attentions_1,8,2.699831545352936,0.191536873245852,0.0,0.0
cross_attentions_1,9,2.3515262147188185,0.2639930218706746,0.0,0.0
cross_attentions_1,10,1.37741969281435,0.24646487598678266,0.0,0.0
cross_attentions_1,11,2.4225433704853057,0.19384804284768795,0.0,0.0
cross_attentions_1,12,2.6188183693885803,0.1862862396853994,0.0,0.0
cross_attentions_1,13,2.554378467798233,0.2578315050619027,0.0,0.0
cross_attentions_1,14,2.096918227672577,0.12822588967707563,0.0,0.0
cross_attentions_1,15,2.3383459368944166,0.21248203658378026,0.0,0.0
cross_attentions_10,0,2.3385539299249647,0.17774208522524682,0.0,0.0
cross_attentions_10,1,2.6505202283859255,0.15159796957451885,0.0,0.0
cross_attentions_10,2,2.5861404836177826,0.16570461524113245,0.0,0.0
cross_attentions_10,3,2.3162653127908706,0.1414360240614117,0.0,0.0
cross_attentions_10,4,2.1678666911125184,0.18219377561124964,0.0,0.0
cross_attentions_10,5,2.489572534561157,0.1535813364423754,0.0,0.0
cross_attentions_10,6,2.0068951358795166,0.1631841493191144,0.0,0.0
cross_attentions_10,7,2.5405535349845887,0.13425745728441774,0.0,0.0
cross_attentions_10,8,2.2500017822980882,0.21235597430948724,0.0,0.0
cross_attentions_10,9,2.4633633816242217,0.16833409277559377,0.0,0.0
cross_attentions_10,10,2.6330792722702028,0.14311679047521716,0.0,0.0
cross_attentions_10,11,1.9213555492162704,0.2306300376713565,0.0,0.0
cross_attentions_10,12,2.42076380610466,0.2113414142192023,0.0,0.0
cross_attentions_10,13,2.267018770337105,0.19454324545286128,0.0,0.0
cross_attentions_10,14,2.649781047821045,0.1554580449851044,0.0,0.0
cross_attentions_10,15,2.2632912583351135,0.20592431851271642,0.0,0.0
cross_attentions_11,0,2.6927047057151796,0.15775521307294063,0.0,0.0
cross_attentions_11,1,2.723133322238922,0.1537563377924868,0.0,0.0
cross_attentions_11,2,2.286642322540283,0.18147574530048474,0.0,0.0
cross_attentions_11,3,2.4485386947393417,0.18077910573495107,0.0,0.0
cross_attentions_11,4,2.6060071532726288,0.16011029626210552,0.0,0.0
cross_attentions_11,5,2.5810150158405305,0.18730341661359223,0.0,0.0
cross_attentions_11,6,2.272037807583809,0.17746729245799361,0.0,0.0
cross_attentions_11,7,2.7864702465534212,0.17129161089327274,0.0,0.0
cross_attentions_11,8,2.627885419845581,0.17849681465120107,0.0,0.0
cross_attentions_11,9,2.6210530434846877,0.22969032594942013,0.0,0.0
cross_attentions_11,10,2.3973584009408953,0.207892365811305,0.0,0.0
cross_attentions_11,11,2.301079511165619,0.18284134136149557,0.0,0.0
cross_attentions_11,12,2.253461172580719,0.2614137989984297,0.0,0.0
cross_attentions_11,13,1.6591394936442376,0.39167208676421666,0.0,0.0
cross_attentions_11,14,3.002639790058136,0.13004710745811435,0.0,0.0
cross_attentions_11,15,2.869612085819244,0.11898131894900285,0.0,0.0
cross_attentions_12,0,2.7731706442832946,0.14971703255205676,0.0,0.0
cross_attentions_12,1,2.3720486309528352,0.18739527047337198,0.0,0.0
cross_attentions_12,2,2.461964853167534,0.2463119314207718,0.0,0.0
cross_attentions_12,3,2.664833503961563,0.15984508722899157,0.0,0.0
cross_attentions_12,4,2.7080188386440276,0.15514422620262713,0.0,0.0
cross_attentions_12,5,2.330244330406189,0.1388951445128604,0.0,0.0
cross_attentions_12,6,1.9450615191459655,0.15026078253019542,0.0,0.0
cross_attentions_12,7,2.536108417749405,0.17258877023452898,0.0,0.0
cross_attentions_12,8,2.6868209619522094,0.15111090023504145,0.0,0.0
cross_attentions_12,9,2.359006764292717,0.17806981516753692,0.0,0.0
cross_attentions_12,10,2.558487816810608,0.15521039817181034,0.0,0.0
cross_attentions_12,11,2.5226483381986617,0.17027313898012134,0.0,0.0
cross_attentions_12,12,2.0058625140190123,0.25420126461868114,0.0,0.0
cross_attentions_12,13,2.6584854295253755,0.1463563168727794,0.0,0.0
cross_attentions_12,14,2.8408586757183074,0.13937681186184808,0.0,0.0
cross_attentions_12,15,2.729766928911209,0.19519519710999123,0.0,0.0
cross_attentions_13,0,2.786060632944107,0.15080033529446743,0.0,0.0
cross_attentions_13,1,2.8344739818573,0.132023015471559,0.0,0.0
cross_attentions_13,2,2.6416341036558153,0.23589066074594567,0.0,0.0
cross_attentions_13,3,2.4681224933862684,0.17406579605944625,0.0,0.0
cross_attentions_13,4,2.619697230577469,0.19584162651979456,0.0,0.0
cross_attentions_13,5,2.5619996254444124,0.17267769024098908,0.0,0.0
cross_attentions_13,6,2.52849818778038,0.20202875037024756,0.0,0.0
cross_attentions_13,7,2.7745782752037047,0.18354675601649165,0.0,0.0
cross_attentions_13,8,2.2305869723558427,0.19869830720604836,0.0,0.0
cross_attentions_13,9,2.4838241329193114,0.17314724803577708,0.0,0.0
cross_attentions_13,10,2.7302448477745056,0.13420104764703122,0.0,0.0
cross_attentions_13,11,2.731651257276535,0.2060004585337258,0.0,0.0
cross_attentions_13,12,2.7226294283866883,0.14217884430689598,0.0,0.0
cross_attentions_13,13,2.9222610721588134,0.12399266626672098,0.0,0.0
cross_attentions_13,14,2.619209732532501,0.13582014368363732,0.0,0.0
cross_attentions_13,15,2.6633127002716064,0.12216263387035253,0.0,0.0
cross_attentions_14,0,2.3723002843856813,0.19352032372290268,0.0,0.0
cross_attentions_14,1,2.607958420991898,0.2076729642791767,0.0,0.0
cross_attentions_14,2,2.409765210151672,0.17717828092457874,0.0,0.0
cross_attentions_14,3,2.658860469341278,0.16225235042134556,0.0,0.0
cross_attentions_14,4,3.034726773262024,0.2107708517801056,0.0,0.0
cross_attentions_14,5,2.8612163066864014,0.15393832714500738,0.0,0.0
cross_attentions_14,6,2.6594133670330047,0.14044626279653427,0.0,0.0
cross_attentions_14,7,2.6707918395996093,0.16776267386834956,0.0,0.0
cross_attentions_14,8,2.6210273644924165,0.1513611048526826,0.0,0.0
cross_attentions_14,9,2.8170556299686433,0.20129801616650872,0.0,0.0
cross_attentions_14,10,3.1517893602848055,0.14509045330272397,0.0,0.0
cross_attentions_14,11,2.9203176634311676,0.20154980885020796,0.0,0.0
cross_attentions_14,12,1.978594942688942,0.19990119686859262,0.0,0.0
cross_attentions_14,13,2.785544389247894,0.1577291824286314,0.0,0.0
cross_attentions_14,14,2.2652408802509307,0.19117155918180284,0.0,0.0
cross_attentions_14,15,2.672165992975235,0.1482589417646828,0.0,0.0
cross_attentions_15,0,2.528107570886612,0.1467006077792721,0.0,0.0
cross_attentions_15,1,2.5755054912567137,0.1394878162829255,0.0,0.0
cross_attentions_15,2,2.6396239907741545,0.17975604070466403,0.0,0.0
cross_attentions_15,3,2.1587191001176835,0.1779614186770991,0.0,0.0
cross_attentions_15,4,2.4001667870283128,0.17284460670384114,0.0,0.0
cross_attentions_15,5,2.6958870351314546,0.14695418988720751,0.0,0.0
cross_attentions_15,6,2.501023423910141,0.16709460608887214,0.0,0.0
cross_attentions_15,7,2.4240372236967085,0.16212925009361917,0.0,0.0
cross_attentions_15,8,2.5332771487236023,0.1945134426528137,0.0,0.0
cross_attentions_15,9,2.4595349731445313,0.18018657687567055,0.0,0.0
cross_attentions_15,10,3.0799956572055818,0.2198230792413953,0.0,0.0
cross_attentions_15,11,2.809966094017029,0.1586112237619979,0.0,0.0
cross_attentions_15,12,2.5279657979011536,0.18032681610519544,0.0,0.0
cross_attentions_15,13,2.5901424248218534,0.16556450988954796,0.0,0.0
cross_attentions_15,14,2.2951826074123383,0.2806510490698197,0.0,0.0
cross_attentions_15,15,2.560054927587509,0.14994657358978963,0.0,0.0
cross_attentions_16,0,2.824332429409027,0.22256237745300245,0.0,0.0
cross_attentions_16,1,2.7148892147541046,0.14331260641313356,0.0,0.0
cross_attentions_16,2,2.710845122098923,0.14954787995438398,0.0,0.0
cross_attentions_16,3,2.486403219819069,0.18291132671275145,0.0,0.0
cross_attentions_16,4,2.2561302851438523,0.1891921738957638,0.0,0.0
cross_attentions_16,5,2.651847002029419,0.16582384949838078,0.0,0.0
cross_attentions_16,6,2.381214028596878,0.18781523959725374,0.0,0.0
cross_attentions_16,7,2.4368881018161774,0.1821387904917537,0.0,0.0
cross_attentions_16,8,1.8966989797353744,0.3382867904664009,0.0,0.0
cross_attentions_16,9,2.746887053728104,0.1579486680668778,0.0,0.0
cross_attentions_16,10,2.5662873892784117,0.2243311194588087,0.0,0.0
cross_attentions_16,11,2.8839309580326082,0.15696270630038262,0.0,0.0
cross_attentions_16,12,2.685553083896637,0.17775622664579044,0.0,0.0
cross_attentions_16,13,2.8510074133872987,0.1608973547156151,0.0,0.0
cross_attentions_16,14,2.6118502769470213,0.19573064423099015,0.0,0.0
cross_attentions_16,15,2.9573104338645937,0.18296267625838458,0.0,0.0
cross_attentions_17,0,2.2467919952869417,0.16749150959624384,0.0,0.0
cross_attentions_17,1,2.6211915551424028,0.20594411333252155,0.0,0.0
cross_attentions_17,2,2.5521513400077818,0.21755500912469583,0.0,0.0
cross_attentions_17,3,2.9910617887973787,0.17049245039426736,0.0,0.0
cross_attentions_17,4,2.225964631676674,0.21627853438921846,0.0,0.0
cross_attentions_17,5,2.2418139239549637,0.15227467707015307,0.0,0.0
cross_attentions_17,6,2.6892206609249114,0.15291648620926693,0.0,0.0
cross_attentions_17,7,2.8887444410324097,0.21473113215016948,0.0,0.0
cross_attentions_17,8,2.497768846988678,0.17223001541208208,0.0,0.0
cross_attentions_17,9,2.2989686485528944,0.25068296474202717,0.0,0.0
cross_attentions_17,10,2.5099456062316894,0.17037073060537927,0.0,0.0
cross_attentions_17,11,2.7175887031555175,0.11214599936656408,0.0,0.0
cross_attentions_17,12,2.625560289144516,0.16717779132347538,0.0,0.0
cross_attentions_17,13,2.431683252453804,0.20187779134952186,0.0,0.0
cross_attentions_17,14,2.6015743486881258,0.16771986349803078,0.0,0.0
cross_attentions_17,15,2.6887731523513794,0.18563413073855842,0.0,0.0
cross_attentions_18,0,2.4084034526348113,0.17364966138348453,0.0,0.0
cross_attentions_18,1,2.4235139915943145,0.1822879133671697,0.0,0.0
cross_attentions_18,2,2.0844318734407423,0.21661497322558446,0.0,0.0
cross_attentions_18,3,2.741613298892975,0.16439578538678012,0.0,0.0
cross_attentions_18,4,2.2322210117578507,0.21267324844209487,0.0,0.0
cross_attentions_18,5,2.1436573222875595,0.19828481194540062,0.0,0.0
cross_attentions_18,6,2.7467894186973574,0.1659813215836028,0.0,0.0
cross_attentions_18,7,2.7600526332855226,0.23450837539573935,0.0,0.0
cross_attentions_18,8,3.2457152066230774,0.13881701724188833,0.0,0.0
cross_attentions_18,9,2.266390749812126,0.3411394920072571,0.0,0.0
cross_attentions_18,10,2.8749617216587064,0.15563903590520864,0.0,0.0
cross_attentions_18,11,2.555692314743996,0.343814691048835,0.0,0.0
cross_attentions_18,12,2.746580328941345,0.20051193444490598,0.0,0.0
cross_attentions_18,13,2.4577110673189164,0.1705463800596181,0.0,0.0
cross_attentions_18,14,2.543697869539261,0.2763869747914023,0.0,0.0
cross_attentions_18,15,2.2644997544288636,0.18491588204271106,0.0,0.0
cross_attentions_19,0,2.401829303741455,0.196033750463961,0.0,0.0
cross_attentions_19,1,2.64382070350647,0.1646827664802912,0.0,0.0
cross_attentions_19,2,2.473592604279518,0.1860166900369008,0.0,0.0
cross_attentions_19,3,2.329012095332146,0.16563674811223242,0.0,0.0
cross_attentions_19,4,2.381020117998123,0.17431214631055597,0.0,0.0
cross_attentions_19,5,2.646501077055931,0.22414071833683988,0.0,0.0
cross_attentions_19,6,2.5120185775756836,0.2031226818617686,0.0,0.0
cross_attentions_19,7,3.0341075797080994,0.18804986714666494,0.0,0.0
cross_attentions_19,8,2.5468512850999834,0.3169579963691105,0.0,0.0
cross_attentions_19,9,2.4980909469127655,0.1776557002974064,0.0,0.0
cross_attentions_19,10,2.579279681921005,0.17355770478796867,0.0,0.0
cross_attentions_19,11,2.3087326896190645,0.18619918512461947,0.0,0.0
cross_attentions_19,12,2.574688989520073,0.19051953939640065,0.0,0.0
cross_attentions_19,13,2.635017568588257,0.17022279456946338,0.0,0.0
cross_attentions_19,14,2.287126434803009,0.21620884749202646,0.0,0.0
cross_attentions_19,15,2.903282730579376,0.18984494534035662,0.0,0.0
cross_attentions_2,0,2.3139854195117953,0.14833197328601064,0.0,0.0
cross_attentions_2,1,2.1766303329467775,0.1912509912541048,0.0,0.0
cross_attentions_2,2,2.690099712371826,0.1579152587330746,0.0,0.0
cross_attentions_2,3,2.605261207818985,0.18878210931656092,0.0,0.0
cross_attentions_2,4,2.90478000497818,0.1586069960084513,0.0,0.0
cross_attentions_2,5,2.731264614343643,0.17356000163047877,0.0,0.0
cross_attentions_2,6,2.350604207396507,0.26164717833394746,0.0,0.0
cross_attentions_2,7,2.954262446641922,0.1544699906961037,0.0,0.0
cross_attentions_2,8,2.055355562925339,0.19452218980844818,0.0,0.0
cross_attentions_2,9,2.2379281030893328,0.1913626214540296,0.0,0.0
cross_attentions_2,10,2.0492588641643525,0.2025564534831533,0.0,0.0
cross_attentions_2,11,2.8497477469444275,0.24060992966499073,0.0,0.0
cross_attentions_2,12,2.5343819794654845,0.20218834704971306,0.0,0.0
cross_attentions_2,13,2.3341268858909605,0.22083230265912,0.0,0.0
cross_attentions_2,14,2.4037600433826447,0.17739159342676308,0.0,0.0
cross_attentions_2,15,2.3564280298948286,0.19135909726358571,0.0,0.0
cross_attentions_20,0,2.5029974020719528,0.2021847099426054,0.0,0.0
cross_attentions_20,1,2.3785164716243745,0.1618896244463511,0.0,0.0
cross_attentions_20,2,2.912128751516342,0.17060645193782883,0.0,0.0
cross_attentions_20,3,2.7791991419792175,0.1834532975132056,0.0,0.0
cross_attentions_20,4,2.371129643917084,0.17821015578691973,0.0,0.0
cross_attentions_20,5,2.3284050809144974,0.22461840327372584,0.0,0.0
cross_attentions_20,6,2.9552861490249636,0.16914835659702596,0.0,0.0
cross_attentions_20,7,2.3088714027404786,0.17661554680189506,0.0,0.0
cross_attentions_20,8,2.600865082502365,0.16438813917190426,0.0,0.0
cross_attentions_20,9,2.3218074318170547,0.15546249761489603,0.0,0.0
cross_attentions_20,10,2.3772976731061934,0.3034993420551363,0.0,0.0
cross_attentions_20,11,2.6410589690208437,0.18236998366742005,0.0,0.0
cross_attentions_20,12,2.1058318853378295,0.1946033315306225,0.0,0.0
cross_attentions_20,13,2.663452170610428,0.26997215974373956,0.0,0.0
cross_attentions_20,14,2.6273026540279387,0.17635863888736591,0.0,0.0
cross_attentions_20,15,2.61602768945694,0.14996962708438522,0.0,0.0
cross_attentions_21,0,2.1839190888404847,0.1733464902435308,0.0,0.0
cross_attentions_21,1,2.3166921314001083,0.19510236830636885,0.0,0.0
cross_attentions_21,2,2.1358555653095244,0.15476251580121073,0.0,0.0
cross_attentions_21,3,2.6240374574661254,0.16341244460151713,0.0,0.0
cross_attentions_21,4,2.464735258936882,0.19367939730470313,0.0,0.0
cross_attentions_21,5,2.289611888885498,0.20976155696307583,0.0,0.0
cross_attentions_21,6,2.4661816045045852,0.16491255717832226,0.0,0.0
cross_attentions_21,7,2.5423314843177796,0.1624102105701103,0.0,0.0
cross_attentions_21,8,2.6222437913417815,0.16092342428994222,0.0,0.0
cross_attentions_21,9,2.472067570567131,0.1615485987102161,0.0,0.0
cross_attentions_21,10,2.545645035982132,0.14353814872596582,0.0,0.0
cross_attentions_21,11,2.390615574836731,0.17595814074849192,0.0,0.0
cross_attentions_21,12,2.4152625255584717,0.18884708653420038,0.0,0.0
cross_attentions_21,13,2.649592262983322,0.18014008984272975,0.0,0.0
cross_attentions_21,14,2.477936281681061,0.1840464640970726,0.0,0.0
cross_attentions_21,15,2.6299271442890166,0.15835871201780924,0.0,0.0
cross_attentions_22,0,2.4471438311338423,0.24890488211009906,0.0,0.0
cross_attentions_22,1,2.388278499007225,0.17935411429219392,0.0,0.0
cross_attentions_22,2,2.712523545265198,0.2201425915233898,0.0,0.0
cross_attentions_22,3,2.525612765789032,0.171950196800536,0.0,0.0
cross_attentions_22,4,2.237813549160957,0.19660857494092768,0.0,0.0
cross_attentions_22,5,2.3245176540613173,0.23316078100516463,0.0,0.0
cross_attentions_22,6,2.4773629088401794,0.16205616532775355,0.0,0.0
cross_attentions_22,7,2.354543024897575,0.18249243808486362,0.0,0.0
cross_attentions_22,8,2.089149740219116,0.24888240651799637,0.0,0.0
cross_attentions_22,9,2.575853021144867,0.14370181349070665,0.0,0.0
cross_attentions_22,10,2.401438014268875,0.15579066074075085,0.0,0.0
cross_attentions_22,11,2.318849269747734,0.1932043124596954,0.0,0.0
cross_attentions_22,12,2.390417151093483,0.1721960808507506,0.0,0.0
cross_attentions_22,13,2.450798306584358,0.17252361852368453,0.0,0.0
cross_attentions_22,14,2.3859475932121277,0.19953094451147377,0.0,0.0
cross_attentions_22,15,2.4469468914270402,0.17388393711135874,0.0,0.0
cross_attentions_23,0,2.6765788118839264,0.17435166947376837,0.0,0.0
cross_attentions_23,1,2.4967647211551665,0.17705764537539145,0.0,0.0
cross_attentions_23,2,2.594234040260315,0.1647398165937833,0.0,0.0
cross_attentions_23,3,2.5175849454402925,0.167669860428833,0.0,0.0
cross_attentions_23,4,2.378178020477295,0.17291560073729254,0.0,0.0
cross_attentions_23,5,2.888551123380661,0.15502044595185135,0.0,0.0
cross_attentions_23,6,2.581029235124588,0.18919422695218183,0.0,0.0
cross_attentions_23,7,2.2859192507266997,0.1272222748789717,0.0,0.0
cross_attentions_23,8,2.4921841337680815,0.17646103839835273,0.0,0.0
cross_attentions_23,9,2.742820910692215,0.22843736469699835,0.0,0.0
cross_attentions_23,10,2.4789258868694306,0.22607434313578037,0.0,0.0
cross_attentions_23,11,2.4850037415027617,0.1661827656325519,0.0,0.0
cross_attentions_23,12,2.510862004518509,0.15286216783087364,0.0,0.0
cross_attentions_23,13,2.6590990161895753,0.15879500481348155,0.0,0.0
cross_attentions_23,14,2.599195245742798,0.15108600399573807,0.0,0.0
cross_attentions_23,15,2.4969583251476286,0.172234190135821,0.0,0.0
cross_attentions_3,0,2.6861332697868345,0.18146821701597948,0.0,0.0
cross_attentions_3,1,2.5329337747097016,0.17448387108051105,0.0,0.0
cross_attentions_3,2,2.7527248928546904,0.13611394434705185,0.0,0.0
cross_attentions_3,3,2.4251125464439394,0.20415141270818254,0.0,0.0
cross_attentions_3,4,2.9166427047252657,0.155431868243505,0.0,0.0
cross_attentions_3,5,2.477977940201759,0.18483987318450418,0.0,0.0
cross_attentions_3,6,2.1130839414596556,0.1453433462904592,0.0,0.0
cross_attentions_3,7,2.344770737528801,0.22530916148348126,0.0,0.0
cross_attentions_3,8,2.4579732056856156,0.20956313219678707,0.0,0.0
cross_attentions_3,9,2.231714978933334,0.19496509510056054,0.0,0.0
cross_attentions_3,10,2.2708007093667986,0.16621165738559268,0.0,0.0
cross_attentions_3,11,1.8656034190654756,0.14239109023124707,0.0,0.0
cross_attentions_3,12,2.582995990514755,0.16956989302937683,0.0,0.0
cross_attentions_3,13,2.5423440136909483,0.14927549039013777,0.0,0.0
cross_attentions_3,14,2.622520165681839,0.18669788010183577,0.0,0.0
cross_attentions_3,15,2.802206506729126,0.13337092627111283,0.0,0.0
cross_attentions_4,0,2.1891040313243866,0.20480900380248868,0.0,0.0
cross_attentions_4,1,1.8495615553855895,0.2063621464481267,0.0,0.0
cross_attentions_4,2,1.7085020751953126,0.2904230582263619,0.0,0.0
cross_attentions_4,3,2.188269238591194,0.19558257676097288,0.0,0.0
cross_attentions_4,4,2.489613198161125,0.16457712428963414,0.0,0.0
cross_attentions_4,5,2.4711388761997224,0.18852978438986442,0.0,0.0
cross_attentions_4,6,2.723503042459488,0.1931261851686992,0.0,0.0
cross_attentions_4,7,2.606565789461136,0.16435464697487387,0.0,0.0
cross_attentions_4,8,2.6860008907318114,0.16575215001977908,0.0,0.0
cross_attentions_4,9,2.434035848379135,0.20929324647770553,0.0,0.0
cross_attentions_4,10,2.858956448316574,0.16038513999401818,0.0,0.0
cross_attentions_4,11,2.86774316573143,0.17178712982415437,0.0,0.0
cross_attentions_4,12,2.740982491493225,0.2593104332687307,0.0,0.0
cross_attentions_4,13,2.4323659336566923,0.18327467485112922,0.0,0.0
cross_attentions_4,14,2.3292358169555665,0.18273030030451903,0.0,0.0
cross_attentions_4,15,2.239703547716141,0.2517325103771542,0.0,0.0
cross_attentions_5,0,2.6885963604450227,0.1213685405822419,0.0,0.0
cross_attentions_5,1,2.787105674982071,0.1790087279900025,0.0,0.0
cross_attentions_5,2,2.4253840926885606,0.18735039759260674,0.0,0.0
cross_attentions_5,3,2.68473659324646,0.1608952980675911,0.0,0.0
cross_attentions_5,4,2.6552149200439454,0.15977108013392521,0.0,0.0
cross_attentions_5,5,2.668863782167435,0.20296180063508784,0.0,0.0
cross_attentions_5,6,2.3364012757539747,0.16803336365342794,0.0,0.0
cross_attentions_5,7,2.9743735411167145,0.1759957146709675,0.0,0.0
cross_attentions_5,8,2.4756663875579834,0.18086670050148665,0.0,0.0
cross_attentions_5,9,2.7132618799209594,0.15312799103519212,0.0,0.0
cross_attentions_5,10,1.3129755604863167,0.20053606103908922,0.0,0.0
cross_attentions_5,11,1.8176476680040359,0.3419644470833272,0.0,0.0
cross_attentions_5,12,2.381965118765831,0.1716998906401036,0.0,0.0
cross_attentions_5,13,2.639579392671585,0.1588465490124021,0.0,0.0
cross_attentions_5,14,1.4591041541099548,0.15805667701102458,0.0,0.0
cross_attentions_5,15,2.7117159116268157,0.1589410599514993,0.0,0.0
cross_attentions_6,0,2.3438711682558058,0.1803375696945359,0.0,0.0
cross_attentions_6,1,2.5373177952766417,0.16340951492461245,0.0,0.0
cross_attentions_6,2,2.543490962982178,0.16069509196203977,0.0,0.0
cross_attentions_6,3,2.382474794983864,0.17569236872735453,0.0,0.0
cross_attentions_6,4,2.1917236737012864,0.208220261970123,0.0,0.0
cross_attentions_6,5,2.614684106349945,0.18585348606978178,0.0,0.0
cross_attentions_6,6,1.7071357828378677,0.17339097414830595,0.0,0.0
cross_attentions_6,7,1.4609857919216156,0.10984269258087372,0.0,0.0
cross_attentions_6,8,2.032865923523903,0.1912097577742456,0.0,0.0
cross_attentions_6,9,2.295211581110954,0.18304282654299786,0.0,0.0
cross_attentions_6,10,3.328242047548294,0.1646018642645574,0.0,0.0
cross_attentions_6,11,2.2929232840538023,0.18521073361773072,0.0,0.0
cross_attentions_6,12,0.7397414583563805,0.14750969764683755,0.0,0.0
cross_attentions_6,13,2.42853674864769,0.217761484316418,0.0,0.0
cross_attentions_6,14,2.6885191745758057,0.1467961105187312,0.0,0.0
cross_attentions_6,15,2.5904283792972564,0.12453602536928517,0.0,0.0
cross_attentions_7,0,2.824076133489609,0.13493485466198712,0.0,0.0
cross_attentions_7,1,2.593938838005066,0.1271868280058786,0.0,0.0
cross_attentions_7,2,2.2762556421756743,0.16108087552379904,0.0,0.0
cross_attentions_7,3,2.7472444443702697,0.142827431429909,0.0,0.0
cross_attentions_7,4,2.766585960149765,0.10192009373941904,0.0,0.0
cross_attentions_7,5,2.0050007610321043,0.16552064026893903,0.0,0.0
cross_attentions_7,6,2.875103051185608,0.16846072780427424,0.0,0.0
cross_attentions_7,7,2.2395385622978212,0.18281077729922537,0.0,0.0
cross_attentions_7,8,2.3619770194292067,0.27798067406653315,0.0,0.0
cross_attentions_7,9,2.6203424789905547,0.13585749009848905,0.0,0.0
cross_attentions_7,10,2.714333735227585,0.1599896505628113,0.0,0.0
cross_attentions_7,11,2.8030589563846586,0.09493306039567485,0.0,0.0
cross_attentions_7,12,2.295105988383293,0.16012107323538574,0.0,0.0
cross_attentions_7,13,1.9019104018211366,0.1954752331105456,0.0,0.0
cross_attentions_7,14,2.219266156554222,0.33546370412164755,0.0,0.0
cross_attentions_7,15,1.5435933203697205,0.20272817331601506,0.0,0.0
cross_attentions_8,0,2.375060197710991,0.1850042626864254,0.0,0.0
cross_attentions_8,1,2.833032898426056,0.13074884185813967,0.0,0.0
cross_attentions_8,2,3.0092283072471617,0.17257576252116333,0.0,0.0
cross_attentions_8,3,2.9348088147640228,0.12888121658045254,0.0,0.0
cross_attentions_8,4,2.28902949988842,0.17742746264753254,0.0,0.0
cross_attentions_8,5,2.5868563005924226,0.18113680206838884,0.0,0.0
cross_attentions_8,6,2.1716165355443953,0.19008030303580253,0.0,0.0
cross_attentions_8,7,1.9380751130580902,0.2521734231958126,0.0,0.0
cross_attentions_8,8,2.639245247602463,0.1670035118626585,0.0,0.0
cross_attentions_8,9,2.8998514783382414,0.1373297060030522,0.0,0.0
cross_attentions_8,10,2.5147743519544603,0.2820255851295964,0.0,0.0
cross_attentions_8,11,2.48856112575531,0.17291099998972936,0.0,0.0
cross_attentions_8,12,2.3673210827112197,0.198282729217412,0.0,0.0
cross_attentions_8,13,2.1123063681125642,0.15200374907666692,0.0,0.0
cross_attentions_8,14,2.213706364154816,0.11968619821782055,0.0,0.0
cross_attentions_8,15,1.7391649503707887,0.22268078920474854,0.0,0.0
cross_attentions_9,0,2.4905270764827727,0.1530320313816315,0.0,0.0
cross_attentions_9,1,2.489596071958542,0.17568764356432234,0.0,0.0
cross_attentions_9,2,2.330429215192795,0.15766180725785967,0.0,0.0
cross_attentions_9,3,2.2378240938186647,0.1849506968970519,0.0,0.0
cross_attentions_9,4,2.4819529628753663,0.1828900020792006,0.0,0.0
cross_attentions_9,5,2.4258942931890486,0.1660306184383902,0.0,0.0
cross_attentions_9,6,2.4223227130174636,0.16310156428917663,0.0,0.0
cross_attentions_9,7,2.3601022317409517,0.1821454187735781,0.0,0.0
cross_attentions_9,8,2.637233014583588,0.15107783287103568,0.0,0.0
cross_attentions_9,9,2.4785763281583786,0.19276174880934674,0.0,0.0
cross_attentions_9,10,2.45829189991951,0.15660014263849797,0.0,0.0
cross_attentions_9,11,2.257202127099037,0.144381111320415,0.0,0.0
cross_attentions_9,12,2.489166823267937,0.18753374944787723,0.0,0.0
cross_attentions_9,13,2.5583922567367554,0.21288040071388178,0.0,0.0
cross_attentions_9,14,2.1645814975500106,0.1788762696770599,0.0,0.0
cross_attentions_9,15,2.8322252147197724,0.15818235034762984,0.0,0.0
decoder_attentions_0,0,0.13649136348068713,0.039378824262799386,0.0,0.0
decoder_attentions_0,1,0.22999364866316319,0.041531756822689406,0.0,0.0
decoder_attentions_0,2,0.21618395246565342,0.1298963342377989,0.0,0.0
decoder_attentions_0,3,0.2727586174309254,0.10901548613451545,0.0,0.0
decoder_attentions_0,4,0.3935668924152851,0.07615593320105932,0.0,0.0
decoder_attentions_0,5,0.3386919737756252,0.07408835550770018,0.0,0.0
decoder_attentions_0,6,0.3398387260437012,0.03212963938043686,0.0,0.0
decoder_attentions_0,7,0.3843544541597366,0.09612935741748756,0.0,0.0
decoder_attentions_0,8,0.2618709809929132,0.10987195340347386,0.0,0.0
decoder_attentions_0,9,0.4869748069345951,0.11383905981463815,0.0,0.0
decoder_attentions_0,10,0.24220575673878192,0.0943577060132294,0.0,0.0
decoder_attentions_0,11,0.2718611519932747,0.07453853520317946,0.0,0.0
decoder_attentions_0,12,0.3302731228470802,0.07070822487140917,0.0,0.0
decoder_attentions_0,13,0.2612143052816391,0.02928360013772122,0.0,0.0
decoder_attentions_0,14,0.3084270040690899,0.011650968857023674,0.0,0.0
decoder_attentions_0,15,0.3672858569920063,0.09138045907563311,0.0,0.0
decoder_attentions_1,0,0.43292572966217996,0.08569490199711445,0.0,0.0
decoder_attentions_1,1,0.4047532611191273,0.10456555708688807,0.0,0.0
decoder_attentions_1,2,0.32190220841765405,0.07461042325598771,0.0,0.0
decoder_attentions_1,3,0.1475652969442308,0.038149780795952104,0.0,0.0
decoder_attentions_1,4,0.44285042881965636,0.0248600789081222,0.0,0.0
decoder_attentions_1,5,0.09151484386995434,0.026237110395068312,0.0,0.0
decoder_attentions_1,6,0.2770927963629365,0.09273925537205592,0.0,0.0
decoder_attentions_1,7,0.2953858674019575,0.10869012353770355,0.0,0.0
decoder_attentions_1,8,0.2597099604085088,0.05677976448087522,0.0,0.0
decoder_attentions_1,9,0.579327317416668,0.12453166964802066,0.0,0.0
decoder_attentions_1,10,0.012558206365443766,0.00500344082448577,0.0,0.0
decoder_attentions_1,11,0.44648492005467416,0.0596263250936617,0.0,0.0
decoder_attentions_1,12,0.2758006857521832,0.09839265462187613,0.0,0.0
decoder_attentions_1,13,0.026328003582078964,0.0236948619796868,0.0,0.0
decoder_attentions_1,14,0.30993529745936393,0.07489954264070199,0.0,0.0
decoder_attentions_1,15,0.2655016333460808,0.07796316325074694,0.0,0.0
decoder_attentions_10,0,0.4502181113064289,0.05093830924796679,0.0,0.0
decoder_attentions_10,1,0.327419997125864,0.08222367314689838,0.0,0.0
decoder_attentions_10,2,0.1737285442687571,0.050538239107629064,0.0,0.0
decoder_attentions_10,3,0.03715787011571228,0.012438240716905101,0.0,0.0
decoder_attentions_10,4,0.4180675100982189,0.065403591874697,0.0,0.0
decoder_attentions_10,5,0.3591252923682332,0.09116573677140219,0.0,0.0
decoder_attentions_10,6,0.11801186415553093,0.04310700774088853,0.0,0.0
decoder_attentions_10,7,0.32953358106315134,0.053924708136548836,0.0,0.0
decoder_attentions_10,8,0.2501329965889454,0.03136669673619204,0.0,0.0
decoder_attentions_10,9,0.14298145616799593,0.026031330750938806,0.0,0.0
decoder_attentions_10,10,0.026538093827664852,0.010210264799543449,0.0,0.0
decoder_attentions_10,11,0.33892537085711955,0.08240085938518575,0.0,0.0
decoder_attentions_10,12,0.11510579500719904,0.05180403854877669,0.0,0.0
decoder_attentions_10,13,0.0960104614328593,0.02808331518296349,0.0,0.0
decoder_attentions_10,14,0.11751111370697617,0.05200372906449941,0.0,0.0
decoder_attentions_10,15,0.0373625259026885,0.010075193659589048,0.0,0.0
decoder_attentions_11,0,0.32688828121125696,0.06860448933162289,0.0,0.0
decoder_attentions_11,1,0.29511309203505515,0.07578486308633645,0.0,0.0
decoder_attentions_11,2,0.10086384456604719,0.02544454331895528,0.0,0.0
decoder_attentions_11,3,0.12375703886523842,0.030610671672155802,0.0,0.0
decoder_attentions_11,4,0.4150269394516945,0.08902222310582392,0.0,0.0
decoder_attentions_11,5,0.25153706009685994,0.02987735696647703,0.0,0.0
decoder_attentions_11,6,0.26715666878968475,0.06441865188519552,0.0,0.0
decoder_attentions_11,7,0.1651241401359439,0.04356042223844089,0.0,0.0
decoder_attentions_11,8,0.08693641259521245,0.031741135270678136,0.0,0.0
decoder_attentions_11,9,0.2295379333347082,0.029933867816382742,0.0,0.0
decoder_attentions_11,10,0.04568660066835582,0.024025508445382298,0.0,0.0
decoder_attentions_11,11,0.3473104182034731,0.05000845100620788,0.0,0.0
decoder_attentions_11,12,0.103237241178751,0.027116907809536767,0.0,0.0
decoder_attentions_11,13,0.43135178518295286,0.0582026248074894,0.0,0.0
decoder_attentions_11,14,0.5587614470720291,0.07012177841197202,0.0,0.0
decoder_attentions_11,15,0.16078346516564487,0.051250791135852236,0.0,0.0
decoder_attentions_12,0,0.09564039365947247,0.03046048401444279,0.0,0.0
decoder_attentions_12,1,0.5100091862082481,0.051834357432086454,0.0,0.0
decoder_attentions_12,2,0.2484364444091916,0.031412990485290636,0.0,0.0
decoder_attentions_12,3,0.24455052012205125,0.04761289023502511,0.0,0.0
decoder_attentions_12,4,0.2369114381968975,0.057948336055055054,0.0,0.0
decoder_attentions_12,5,0.15397383174300194,0.034000501931037916,0.0,0.0
decoder_attentions_12,6,0.250588364996016,0.05867940569814639,0.0,0.0
decoder_attentions_12,7,0.09264920434169471,0.033079606816067135,0.0,0.0
decoder_attentions_12,8,0.2489825912117958,0.03184241621592844,0.0,0.0
decoder_attentions_12,9,0.22253317008912563,0.033030648456924126,0.0,0.0
decoder_attentions_12,10,0.20677792971581221,0.04435783288784068,0.0,0.0
decoder_attentions_12,11,0.4245194166302681,0.03169454730100943,0.0,0.0
decoder_attentions_12,12,0.16311669316887856,0.04094556514840669,0.0,0.0
decoder_attentions_12,13,0.2988831935375929,0.044822126853970974,0.0,0.0
decoder_attentions_12,14,0.3577630630135536,0.08432564979420273,0.0,0.0
decoder_attentions_12,15,0.10883965139836073,0.03245994404961128,0.0,0.0
decoder_attentions_13,0,0.20087174854427575,0.03160496632241818,0.0,0.0
decoder_attentions_13,1,0.42105198168754576,0.05747437089705986,0.0,0.0
decoder_attentions_13,2,0.06811256182938814,0.024891720382722894,0.0,0.0
decoder_attentions_13,3,0.0916989221945405,0.03010748071710319,0.0,0.0
decoder_attentions_13,4,0.33083883510529993,0.03280398426320414,0.0,0.0
decoder_attentions_13,5,0.5299539562463761,0.022601591956398496,0.0,0.0
decoder_attentions_13,6,0.08061436983384192,0.03658661149311947,0.0,0.0
decoder_attentions_13,7,0.05119249008409679,0.018682463469088997,0.0,0.0
decoder_attentions_13,8,0.23540149450302125,0.09710347815418904,0.0,0.0
decoder_attentions_13,9,0.46060000988841054,0.05905462126208052,0.0,0.0
decoder_attentions_13,10,0.00545063891125028,0.0030812629182980296,0.0,0.0
decoder_attentions_13,11,0.20381175816059113,0.052363907753393946,0.0,0.0
decoder_attentions_13,12,0.16817588394507765,0.060542414063882825,0.0,0.0
decoder_attentions_13,13,0.1165572679489851,0.02677548030941633,0.0,0.0
decoder_attentions_13,14,0.16881256581097842,0.031389849945545924,0.0,0.0
decoder_attentions_13,15,0.03342811102326959,0.0121571647227299,0.0,0.0
decoder_attentions_14,0,0.21776125799119472,0.04431847536413193,0.0,0.0
decoder_attentions_14,1,0.4022682387381792,0.0799658832292093,0.0,0.0
decoder_attentions_14,2,0.18707509903609754,0.03011609902758287,0.0,0.0
decoder_attentions_14,3,0.4428553798049688,0.07397127715906128,0.0,0.0
decoder_attentions_14,4,0.1413609658703208,0.03227478948635224,0.0,0.0
decoder_attentions_14,5,0.206049163736403,0.032732690997921365,0.0,0.0
decoder_attentions_14,6,0.12863741230219602,0.027994094342093323,0.0,0.0
decoder_attentions_14,7,0.085037204220891,0.011348606409462383,0.0,0.0
decoder_attentions_14,8,0.29996023158729074,0.06442951571900231,0.0,0.0
decoder_attentions_14,9,0.33567342174053194,0.05539521532552692,0.0,0.0
decoder_attentions_14,10,0.034747199734672905,0.011869071422188134,0.0,0.0
decoder_attentions_14,11,0.38941822181642055,0.08573113821276232,0.0,0.0
decoder_attentions_14,12,0.18883046780526638,0.030656102336896515,0.0,0.0
decoder_attentions_14,13,0.23560830089449883,0.04588370954833011,0.0,0.0
decoder_attentions_14,14,0.32158195872604844,0.05800079405194946,0.0,0.0
decoder_attentions_14,15,0.06807742436788976,0.030887822778266794,0.0,0.0
decoder_attentions_15,0,0.2978263135999441,0.06325669702383512,0.0,0.0
decoder_attentions_15,1,0.1913724071457982,0.08673344908991497,0.0,0.0
decoder_attentions_15,2,0.16571501664072275,0.05528430373622017,0.0,0.0
decoder_attentions_15,3,0.11125823372602463,0.03738068494086593,0.0,0.0
decoder_attentions_15,4,0.2867921391129494,0.05727398985804575,0.0,0.0
decoder_attentions_15,5,0.07064911897294224,0.03639921805479865,0.0,0.0
decoder_attentions_15,6,0.10768821163848043,0.02948169346612803,0.0,0.0
decoder_attentions_15,7,0.3642462555170059,0.034950874417389415,0.0,0.0
decoder_attentions_15,8,0.19893733244389294,0.05289008796708954,0.0,0.0
decoder_attentions_15,9,0.34104798083007337,0.04602613372433762,0.0,0.0
decoder_attentions_15,10,0.003680175632092869,0.0029415358055086957,0.0,0.0
decoder_attentions_15,11,0.47049030441045764,0.06235193936259011,0.0,0.0
decoder_attentions_15,12,0.14836571745574476,0.03543209022925063,0.0,0.0
decoder_attentions_15,13,0.20232720248401165,0.04690074597359164,0.0,0.0
decoder_attentions_15,14,0.24287313336133956,0.04123025069425577,0.0,0.0
decoder_attentions_15,15,0.03598165590874851,0.023780318173944215,0.0,0.0
decoder_attentions_16,0,0.34981676532328126,0.08318854809400672,0.0,0.0
decoder_attentions_16,1,0.38443370041251185,0.13064217749804993,0.0,0.0
decoder_attentions_16,2,0.11214944481477142,0.026596960671200418,0.0,0.0
decoder_attentions_16,3,0.33252205918729305,0.049811207243544466,0.0,0.0
decoder_attentions_16,4,0.32088709670305254,0.029659269811424506,0.0,0.0
decoder_attentions_16,5,0.3196846177726984,0.063355946469301,0.0,0.0
decoder_attentions_16,6,0.14819669773057104,0.07202065942053895,0.0,0.0
decoder_attentions_16,7,0.1467510935254395,0.06897137311016127,0.0,0.0
decoder_attentions_16,8,0.055582444574683906,0.020882645138372208,0.0,0.0
decoder_attentions_16,9,0.0853048367742449,0.030090377940075855,0.0,0.0
decoder_attentions_16,10,0.009150445215869695,0.004447466269130939,0.0,0.0
decoder_attentions_16,11,0.5075497407615185,0.04985670775094122,0.0,0.0
decoder_attentions_16,12,0.07273429839173332,0.0527446149227524,0.0,0.0
decoder_attentions_16,13,0.2852818326354027,0.11920548133221594,0.0,0.0
decoder_attentions_16,14,0.35848674635589123,0.046276299894395724,0.0,0.0
decoder_attentions_16,15,0.032664507080800834,0.008484645869399697,0.0,0.0
decoder_attentions_17,0,0.14968259028345346,0.05096239004638583,0.0,0.0
decoder_attentions_17,1,0.28759372429549696,0.07969683566561353,0.0,0.0
decoder_attentions_17,2,0.21402216710150243,0.032579717046885,0.0,0.0
decoder_attentions_17,3,0.5127540772855281,0.050176725822991514,0.0,0.0
decoder_attentions_17,4,0.4878211256563664,0.0758445365684146,0.0,0.0
decoder_attentions_17,5,0.12782854138314723,0.03786666134910192,0.0,0.0
decoder_attentions_17,6,0.46766463991999624,0.03167452945071185,0.0,0.0
decoder_attentions_17,7,0.250260252520442,0.058774850980823475,0.0,0.0
decoder_attentions_17,8,0.24294260019063948,0.05344364529427372,0.0,0.0
decoder_attentions_17,9,0.4747799331247807,0.05611767929080169,0.0,0.0
decoder_attentions_17,10,0.03152605533786118,0.010693375440605767,0.0,0.0
decoder_attentions_17,11,0.49690803706645964,0.033031790928394804,0.0,0.0
decoder_attentions_17,12,0.3023365868330002,0.09276822893611861,0.0,0.0
decoder_attentions_17,13,0.38691723826527596,0.04187842855538712,0.0,0.0
decoder_attentions_17,14,0.23402123698592187,0.021283564649673247,0.0,0.0
decoder_attentions_17,15,0.16776748086884619,0.08734351957161592,0.0,0.0
decoder_attentions_18,0,0.567199493765831,0.04178606596798186,0.0,0.0
decoder_attentions_18,1,0.3756396088302135,0.04762139995827547,0.0,0.0
decoder_attentions_18,2,0.2633734061643481,0.04335351573453112,0.0,0.0
decoder_attentions_18,3,0.44864891496300696,0.06360881838065242,0.0,0.0
decoder_attentions_18,4,0.4624549047350883,0.082241048474555,0.0,0.0
decoder_attentions_18,5,0.3282031789422035,0.08956787137535048,0.0,0.0
decoder_attentions_18,6,0.5525189344882965,0.07837572781824727,0.0,0.0
decoder_attentions_18,7,0.21994108594954015,0.03901354008238983,0.0,0.0
decoder_attentions_18,8,0.1756243886575103,0.04779203822397362,0.0,0.0
decoder_attentions_18,9,0.3582246109992266,0.06306683308638189,0.0,0.0
decoder_attentions_18,10,0.026258591790217906,0.017019193936058618,0.0,0.0
decoder_attentions_18,11,0.3943177999258041,0.04970141971086479,0.0,0.0
decoder_attentions_18,12,0.3918107932209969,0.055984571847621165,0.0,0.0
decoder_attentions_18,13,0.2837570279315114,0.07456434970114488,0.0,0.0
decoder_attentions_18,14,0.32040680819749834,0.07375055073967626,0.0,0.0
decoder_attentions_18,15,0.32120199686288836,0.08350469458832599,0.0,0.0
decoder_attentions_19,0,0.38366313840448857,0.10696057007137862,0.0,0.0
decoder_attentions_19,1,0.4855998065173626,0.03497546987734283,0.0,0.0
decoder_attentions_19,2,0.22283222876116635,0.09579725455047036,0.0,0.0
decoder_attentions_19,3,0.48413632467389106,0.07199977829382585,0.0,0.0
decoder_attentions_19,4,0.5547541469037532,0.08451505147613467,0.0,0.0
decoder_attentions_19,5,0.25921538707613945,0.05774556490592821,0.0,0.0
decoder_attentions_19,6,0.35543632599711417,0.04693802250704012,0.0,0.0
decoder_attentions_19,7,0.38844301334023473,0.038893685029973646,0.0,0.0
decoder_attentions_19,8,0.36845140472054483,0.07277028735293399,0.0,0.0
decoder_attentions_19,9,0.3452560185343027,0.0731710604404411,0.0,0.0
decoder_attentions_19,10,0.046540693644434215,0.01613140094571492,0.0,0.0
decoder_attentions_19,11,0.44459199139475825,0.05047328451009565,0.0,0.0
decoder_attentions_19,12,0.371874584376812,0.08012691252193639,0.0,0.0
decoder_attentions_19,13,0.16899242244288326,0.0595902638723188,0.0,0.0
decoder_attentions_19,14,0.36712046872079374,0.061203978294630965,0.0,0.0
decoder_attentions_19,15,0.19008323020488024,0.06222595758566397,0.0,0.0
decoder_attentions_2,0,0.4660332522392273,0.0984888108777487,0.0,0.0
decoder_attentions_2,1,0.33761164170503616,0.019928774729678522,0.0,0.0
decoder_attentions_2,2,0.2530933405905962,0.020836227854769303,0.0,0.0
decoder_attentions_2,3,0.2977536188513041,0.13230893004878844,0.0,0.0
decoder_attentions_2,4,0.5008875749707222,0.03945496494292771,0.0,0.0
decoder_attentions_2,5,0.25959409691393376,0.06174457738920835,0.0,0.0
decoder_attentions_2,6,0.4592618490755558,0.07278115604714891,0.0,0.0
decoder_attentions_2,7,0.4213439890444279,0.06859256208223591,0.0,0.0
decoder_attentions_2,8,0.13141618384420872,0.039877190484857404,0.0,0.0
decoder_attentions_2,9,0.5731740897595883,0.10889551017589452,0.0,0.0
decoder_attentions_2,10,0.3034673957377672,0.09801990217994938,0.0,0.0
decoder_attentions_2,11,0.237359939917922,0.04771822253983102,0.0,0.0
decoder_attentions_2,12,0.061855067208176476,0.053998236245141024,0.0,0.0
decoder_attentions_2,13,0.1529344572974369,0.09649189684146428,0.0,0.0
decoder_attentions_2,14,0.4670806107521057,0.07139714779668509,0.0,0.0
decoder_attentions_2,15,0.16043781376630067,0.02592061903270893,0.0,0.0
decoder_attentions_20,0,0.28824943280220033,0.16121958336159556,0.0,0.0
decoder_attentions_20,1,0.380376718185842,0.15118210246253105,0.0,0.0
decoder_attentions_20,2,0.34651411114633085,0.06880056731757328,0.0,0.0
decoder_attentions_20,3,0.31195219261944296,0.06769757702880574,0.0,0.0
decoder_attentions_20,4,0.495287641197443,0.053109797995544036,0.0,0.0
decoder_attentions_20,5,0.46212943363189696,0.08113628342645368,0.0,0.0
decoder_attentions_20,6,0.27039336114376783,0.08422267813104717,0.0,0.0
decoder_attentions_20,7,0.46843518227338793,0.07996176619895798,0.0,0.0
decoder_attentions_20,8,0.4197139539718628,0.04937843817651089,0.0,0.0
decoder_attentions_20,9,0.3948850629776716,0.08004252550507596,0.0,0.0
decoder_attentions_20,10,0.16399994205683469,0.03322831776126062,0.0,0.0
decoder_attentions_20,11,0.5389851034581661,0.023881462966795577,0.0,0.0
decoder_attentions_20,12,0.5161643247306347,0.07541992886906804,0.0,0.0
decoder_attentions_20,13,0.4537474325597286,0.06706270417822328,0.0,0.0
decoder_attentions_20,14,0.4614605752825737,0.055822980034735785,0.0,0.0
decoder_attentions_20,15,0.17753523224592208,0.04104241717680273,0.0,0.0
decoder_attentions_21,0,0.48796569404006,0.06187830246469414,0.0,0.0
decoder_attentions_21,1,0.5381582079827786,0.04001007278583056,0.0,0.0
decoder_attentions_21,2,0.32015245187282565,0.10462134403230752,0.0,0.0
decoder_attentions_21,3,0.5120380726456643,0.029640109149153,0.0,0.0
decoder_attentions_21,4,0.5771203088462353,0.03011177375667884,0.0,0.0
decoder_attentions_21,5,0.3932292255461216,0.052637676241228844,0.0,0.0
decoder_attentions_21,6,0.4966196201145649,0.08243564052099295,0.0,0.0
decoder_attentions_21,7,0.35242931798100474,0.047325908392329266,0.0,0.0
decoder_attentions_21,8,0.29201810136437417,0.04156983188980575,0.0,0.0
decoder_attentions_21,9,0.489099185526371,0.04707455181898597,0.0,0.0
decoder_attentions_21,10,0.09320942983590066,0.0342251880894435,0.0,0.0
decoder_attentions_21,11,0.49650833356380464,0.04909379649956675,0.0,0.0
decoder_attentions_21,12,0.4101689678132534,0.06525943938294927,0.0,0.0
decoder_attentions_21,13,0.4314148432612419,0.04224363871141869,0.0,0.0
decoder_attentions_21,14,0.1390538714453578,0.04575147936168502,0.0,0.0
decoder_attentions_21,15,0.3457609947323799,0.07128688156956929,0.0,0.0
decoder_attentions_22,0,0.31298818738758566,0.07263573855792305,0.0,0.0
decoder_attentions_22,1,0.46667939883470533,0.04063364939483476,0.0,0.0
decoder_attentions_22,2,0.31673315207660196,0.05078580456195093,0.0,0.0
decoder_attentions_22,3,0.5060306302607059,0.09088685330448912,0.0,0.0
decoder_attentions_22,4,0.49712155264616015,0.06172687167396995,0.0,0.0
decoder_attentions_22,5,0.5086765683889389,0.053030427127658555,0.0,0.0
decoder_attentions_22,6,0.4951669843792915,0.07978197351001719,0.0,0.0
decoder_attentions_22,7,0.3365421015769243,0.07058692735854884,0.0,0.0
decoder_attentions_22,8,0.24887071260809898,0.036680537743475405,0.0,0.0
decoder_attentions_22,9,0.42739100293815135,0.11946825479178459,0.0,0.0
decoder_attentions_22,10,0.03612134671770036,0.009328184190616406,0.0,0.0
decoder_attentions_22,11,0.5128910972476005,0.028899749515924028,0.0,0.0
decoder_attentions_22,12,0.3501506497114897,0.07523699756339704,0.0,0.0
decoder_attentions_22,13,0.27633854539692404,0.0427715457320766,0.0,0.0
decoder_attentions_22,14,0.5212076776325703,0.05615329669774124,0.0,0.0
decoder_attentions_22,15,0.34818146760761737,0.030820036193274,0.0,0.0
decoder_attentions_23,0,0.2981007246375084,0.040118483219709865,0.0,0.0
decoder_attentions_23,1,0.5202493846714497,0.05423437283913147,0.0,0.0
decoder_attentions_23,2,0.2340888319388032,0.04563805099937836,0.0,0.0
decoder_attentions_23,3,0.40796486955881117,0.052244456801368355,0.0,0.0
decoder_attentions_23,4,0.47790995287895205,0.059635968889019945,0.0,0.0
decoder_attentions_23,5,0.36966275751590727,0.045150656714875004,0.0,0.0
decoder_attentions_23,6,0.37867773965001106,0.03509355274181033,0.0,0.0
decoder_attentions_23,7,0.3859340372085571,0.05112516534993622,0.0,0.0
decoder_attentions_23,8,0.2828958155065775,0.0516710268010185,0.0,0.0
decoder_attentions_23,9,0.5635190127789974,0.042368684657857154,0.0,0.0
decoder_attentions_23,10,0.04738197697419673,0.01711386615584305,0.0,0.0
decoder_attentions_23,11,0.5788400422334671,0.04310871659590819,0.0,0.0
decoder_attentions_23,12,0.5898332459330559,0.036814106868524585,0.0,0.0
decoder_attentions_23,13,0.4920270241200924,0.06106206935317366,0.0,0.0
decoder_attentions_23,14,0.5783209674954415,0.0495277009007653,0.0,0.0
decoder_attentions_23,15,0.16686401772871615,0.07912417989785718,0.0,0.0
decoder_attentions_3,0,0.5429158397912979,0.07384039763418632,0.0,0.0
decoder_attentions_3,1,0.3830252356827259,0.06574884404812592,0.0,0.0
decoder_attentions_3,2,0.2693077012449503,0.06888820432948094,0.0,0.0
decoder_attentions_3,3,0.4557256974577904,0.1257271919085834,0.0,0.0
decoder_attentions_3,4,0.46417553135752676,0.10983349710754771,0.0,0.0
decoder_attentions_3,5,0.0857490199431777,0.009875129965161749,0.0,0.0
decoder_attentions_3,6,0.4494870804548264,0.04109062897933931,0.0,0.0
decoder_attentions_3,7,0.5682789952158928,0.07752597093751128,0.0,0.0
decoder_attentions_3,8,0.3841134015619755,0.07368955149938183,0.0,0.0
decoder_attentions_3,9,0.5034896602034569,0.127516765230899,0.0,0.0
decoder_attentions_3,10,0.12271047221124172,0.030401262626830818,0.0,0.0
decoder_attentions_3,11,0.167225482262671,0.04387024761279846,0.0,0.0
decoder_attentions_3,12,0.52153992035985,0.05186218394214936,0.0,0.0
decoder_attentions_3,13,0.3819631104171276,0.09276194487220783,0.0,0.0
decoder_attentions_3,14,0.4823591148555279,0.0774903339557479,0.0,0.0
decoder_attentions_3,15,0.5638645530045032,0.09914998755298855,0.0,0.0
decoder_attentions_4,0,0.5297343188226223,0.054367943537240906,0.0,0.0
decoder_attentions_4,1,0.42428906831145285,0.0706880905966157,0.0,0.0
decoder_attentions_4,2,0.13960976364091038,0.06310414741863607,0.0,0.0
decoder_attentions_4,3,0.4132685731947422,0.061872560254588656,0.0,0.0
decoder_attentions_4,4,0.40363306397199633,0.13006626422576664,0.0,0.0
decoder_attentions_4,5,0.3689636202156544,0.09246203486578307,0.0,0.0
decoder_attentions_4,6,0.11398278298974038,0.04633129887698067,0.0,0.0
decoder_attentions_4,7,0.3118811262995005,0.06662221951804251,0.0,0.0
decoder_attentions_4,8,0.3434394777417183,0.06935124153480327,0.0,0.0
decoder_attentions_4,9,0.5538288580179215,0.06577545099069443,0.0,0.0
decoder_attentions_4,10,0.012413657354423777,0.01059157235473978,0.0,0.0
decoder_attentions_4,11,0.14031490633636712,0.01701370182783142,0.0,0.0
decoder_attentions_4,12,0.43979010754823683,0.19402117093163035,0.0,0.0
decoder_attentions_4,13,0.2913686853349209,0.09807240166557687,0.0,0.0
decoder_attentions_4,14,0.3912309786528349,0.09620947525293505,0.0,0.0
decoder_attentions_4,15,0.31132642613351347,0.06576245054816768,0.0,0.0
decoder_attentions_5,0,0.5424098638892174,0.052493385722032555,0.0,0.0
decoder_attentions_5,1,0.15337349275499582,0.039351104494954485,0.0,0.0
decoder_attentions_5,2,0.26604606515169144,0.0429388698259136,0.0,0.0
decoder_attentions_5,3,0.3572922442257404,0.032837883343996864,0.0,0.0
decoder_attentions_5,4,0.35291132421791555,0.07330405738155694,0.0,0.0
decoder_attentions_5,5,0.11801564142853022,0.04086002807721129,0.0,0.0
decoder_attentions_5,6,0.09177311768196524,0.0458139800942275,0.0,0.0
decoder_attentions_5,7,0.43168277844786646,0.060375838718868334,0.0,0.0
decoder_attentions_5,8,0.14405874091386794,0.06596927981570039,0.0,0.0
decoder_attentions_5,9,0.4073692298233509,0.10727049404786848,0.0,0.0
decoder_attentions_5,10,0.04349510722793639,0.019568370752234138,0.0,0.0
decoder_attentions_5,11,0.3179382631629705,0.03585378717115451,0.0,0.0
decoder_attentions_5,12,0.3329263549298048,0.06678370923619974,0.0,0.0
decoder_attentions_5,13,0.38020982065796854,0.08718879744684228,0.0,0.0
decoder_attentions_5,14,0.36312937004864215,0.04856621031963902,0.0,0.0
decoder_attentions_5,15,0.2858364913165569,0.08517346765859475,0.0,0.0
decoder_attentions_6,0,0.4321597386002541,0.08320033996038535,0.0,0.0
decoder_attentions_6,1,0.07044435807317495,0.015375316530261193,0.0,0.0
decoder_attentions_6,2,0.17008115173876284,0.03611033672369994,0.0,0.0
decoder_attentions_6,3,0.2593243802338839,0.07454133657281715,0.0,0.0
decoder_attentions_6,4,0.2756083141453564,0.12684193054773102,0.0,0.0
decoder_attentions_6,5,0.3296009082049131,0.04479648065454702,0.0,0.0
decoder_attentions_6,6,0.46600703251361847,0.045486390513977265,0.0,0.0
decoder_attentions_6,7,0.12255085146054626,0.04336146634134277,0.0,0.0
decoder_attentions_6,8,0.3057538225054741,0.12354779109114436,0.0,0.0
decoder_attentions_6,9,0.2693024436682463,0.07551822231128513,0.0,0.0
decoder_attentions_6,10,0.19181448936462403,0.04762320229209699,0.0,0.0
decoder_attentions_6,11,0.2190817451775074,0.03712587047046416,0.0,0.0
decoder_attentions_6,12,0.30274672736227515,0.05705064319343401,0.0,0.0
decoder_attentions_6,13,0.43476144486665724,0.048098829585331744,0.0,0.0
decoder_attentions_6,14,0.31606696420907976,0.052894070796055674,0.0,0.0
decoder_attentions_6,15,0.06173569587990642,0.01113435172131804,0.0,0.0
decoder_attentions_7,0,0.4822140148580074,0.05469133452681224,0.0,0.0
decoder_attentions_7,1,0.49443352460861206,0.03576145753106186,0.0,0.0
decoder_attentions_7,2,0.1694888162985444,0.0841182745553423,0.0,0.0
decoder_attentions_7,3,0.3899143027216196,0.07784481822147575,0.0,0.0
decoder_attentions_7,4,0.5531238849759101,0.06489358034621026,0.0,0.0
decoder_attentions_7,5,0.3662095169574022,0.09825240862625949,0.0,0.0
decoder_attentions_7,6,0.10276256977021694,0.0441150876296511,0.0,0.0
decoder_attentions_7,7,0.40539023116230966,0.06508921601827433,0.0,0.0
decoder_attentions_7,8,0.10008938758075238,0.018213937931031366,0.0,0.0
decoder_attentions_7,9,0.28922664520144464,0.07761293720049577,0.0,0.0
decoder_attentions_7,10,0.04050787571072578,0.016630623535338607,0.0,0.0
decoder_attentions_7,11,0.320214755743742,0.04103884440611762,0.0,0.0
decoder_attentions_7,12,0.21187306333333253,0.06487410750617262,0.0,0.0
decoder_attentions_7,13,0.40833076620101927,0.04184861724164341,0.0,0.0
decoder_attentions_7,14,0.43366179609298705,0.05641238337063783,0.0,0.0
decoder_attentions_7,15,0.2141922307908535,0.030242264097280373,0.0,0.0
decoder_attentions_8,0,0.18355312351882458,0.03355234137386341,0.0,0.0
decoder_attentions_8,1,0.22463060523569583,0.04993628948657873,0.0,0.0
decoder_attentions_8,2,0.15613362679630519,0.021057404118310166,0.0,0.0
decoder_attentions_8,3,0.16468892373144628,0.08863261032293564,0.0,0.0
decoder_attentions_8,4,0.2878564394265413,0.04289307529568012,0.0,0.0
decoder_attentions_8,5,0.35839626218378545,0.08802043394979119,0.0,0.0
decoder_attentions_8,6,0.3105464084595442,0.06817791352732436,0.0,0.0
decoder_attentions_8,7,0.10944354071840644,0.04165857162594804,0.0,0.0
decoder_attentions_8,8,0.3141799718290567,0.07789290776735083,0.0,0.0
decoder_attentions_8,9,0.20583419524878263,0.06493056952462349,0.0,0.0
decoder_attentions_8,10,0.004176109252002788,0.0025439021180967826,0.0,0.0
decoder_attentions_8,11,0.3305278279930353,0.061525673460885166,0.0,0.0
decoder_attentions_8,12,0.41206242805719373,0.06786333999049676,0.0,0.0
decoder_attentions_8,13,0.25543917378783226,0.031248712300818555,0.0,0.0
decoder_attentions_8,14,0.27749359571933746,0.06141977712236197,0.0,0.0
decoder_attentions_8,15,0.21684806983172894,0.016695523928999974,0.0,0.0
decoder_attentions_9,0,0.26118432915210726,0.04709196644211616,0.0,0.0
decoder_attentions_9,1,0.4155534094572067,0.05860889002095019,0.0,0.0
decoder_attentions_9,2,0.10281133560091257,0.039340270411863595,0.0,0.0
decoder_attentions_9,3,0.07135684670880436,0.016791938907385416,0.0,0.0
decoder_attentions_9,4,0.14832425238005817,0.10639796617483234,0.0,0.0
decoder_attentions_9,5,0.0859462960883975,0.06174282043184106,0.0,0.0
decoder_attentions_9,6,0.2881542251110077,0.08347651183908845,0.0,0.0
decoder_attentions_9,7,0.10026980129629373,0.04209732390019137,0.0,0.0
decoder_attentions_9,8,0.09756879004836082,0.06304486487318423,0.0,0.0
decoder_attentions_9,9,0.09783671209961176,0.03986280612233894,0.0,0.0
decoder_attentions_9,10,0.0648963290527463,0.024815311693056633,0.0,0.0
decoder_attentions_9,11,0.37663765385746956,0.06266293485011576,0.0,0.0
decoder_attentions_9,12,0.2096911615431309,0.05122395440856778,0.0,0.0
decoder_attentions_9,13,0.1139827787168324,0.04291918989912448,0.0,0.0
decoder_attentions_9,14,0.22913093946129084,0.09138035581900018,0.0,0.0
decoder_attentions_9,15,0.22590196567773818,0.06675152405988713,0.0,0.0
encoder_attentions_0,0,1.5472591618299485,0.14622915927376917,0.7977875847369432,0.09347127351367564
encoder_attentions_0,1,3.4065652165412903,0.1769337331576439,0.8509778708592057,0.08294925742899131
encoder_attentions_0,2,1.9855802048444748,0.10822143460232314,0.8432346691191196,0.07746742912085121
encoder_attentions_0,3,1.1927858871221542,0.04232092023593006,0.8030104788392782,0.09974537923140306
encoder_attentions_0,4,1.6921355465650558,0.0630293668823672,0.8293372644856573,0.09490725539199203
encoder_attentions_0,5,1.109481326520443,0.11893983021417354,0.8378041038662195,0.10316936311610353
encoder_attentions_0,6,3.2083531634807585,0.19354062411259815,0.7986452442780138,0.09429023856737326
encoder_attentions_0,7,0.9085057052373886,0.04808748405090826,0.8346473034098745,0.09864658221933932
encoder_attentions_0,8,2.2129715189933776,0.09263568523675537,0.7587384735792875,0.11631615885853964
encoder_attentions_0,9,2.127930963873863,0.1960096148426752,0.9341142895445228,0.08399461393916166
encoder_attentions_0,10,1.2750289245843887,0.051428678603583335,0.8010432038828731,0.11045635073985478
encoder_attentions_0,11,2.9896870880126953,0.18148599183378933,0.7949637925997376,0.07569677337484954
encoder_attentions_0,12,1.7036978091001511,0.09769966568842268,0.8280082756653429,0.08993698491781138
encoder_attentions_0,13,1.9397008793354034,0.16517286879675194,0.7808521962165833,0.0911664267749594
encoder_attentions_0,14,0.5800627039670945,0.05067942803596516,0.7924700193107128,0.12544887485318498
encoder_attentions_0,15,2.3344538987874985,0.133412547618514,0.6789471927657723,0.14766891601140467
encoder_attentions_1,0,0.49024843028187753,0.05817376561885802,0.8152109875530005,0.10404713927055222
encoder_attentions_1,1,2.630675676584244,0.15064913553043835,0.8583132727816701,0.0655237667960879
encoder_attentions_1,2,0.1362268345206976,0.030621429413398595,0.8461281022429467,0.10385415295786055
encoder_attentions_1,3,0.4894041925668716,0.13612483651204468,0.8034879140928388,0.08539688470088369
encoder_attentions_1,4,0.11795715840905904,0.026365319512944668,0.8182264345139265,0.10303349546491358
encoder_attentions_1,5,0.3916346850991249,0.06723876137514673,0.7901809757575393,0.0901041772426986
encoder_attentions_1,6,0.32623550844192506,0.0749503311381041,0.8100806425139307,0.09717523651453887
encoder_attentions_1,7,0.1532137552946806,0.031232180675722754,0.8319581032544374,0.09851698520255159
encoder_attentions_1,8,0.09783643734827638,0.03142859265770091,0.7603117664158344,0.11056252579935451
encoder_attentions_1,9,0.6589835166335106,0.07878316160723432,0.9582621832378209,0.09488813084947666
encoder_attentions_1,10,0.3424241063892841,0.04968587564184632,0.8045205617696047,0.1000472572247751
encoder_attentions_1,11,0.7087534609735012,0.13620667029369832,0.8484012464433909,0.0905761330857618
encoder_attentions_1,12,1.2133940634727478,0.1348556045040894,0.8286107401922345,0.07407923282946476
encoder_attentions_1,13,0.5517399635016919,0.09699397779758186,0.8178821598738432,0.10159820720273341
encoder_attentions_1,14,0.20966298185288906,0.06115384090744659,0.824681275319308,0.11706106522605803
encoder_attentions_1,15,0.20056277845054865,0.04453693595541931,0.779463341422379,0.13018517267886764
encoder_attentions_10,0,2.462577288389206,0.1313010224401493,0.8405010173097253,0.10008830439824622
encoder_attentions_10,1,2.997152716636658,0.15028829002436986,0.8237083537876606,0.10645964682429865
encoder_attentions_10,2,1.3498986098766328,0.09594857437519587,0.8896708134189248,0.06331550251707037
encoder_attentions_10,3,1.3686858475208283,0.09912111984397273,0.824967378936708,0.14863102720380053
encoder_attentions_10,4,1.787445939540863,0.08793008267363653,0.826687213294208,0.09831779459822733
encoder_attentions_10,5,2.0490353100299834,0.1278134283874068,0.8311493626981974,0.09309042460595872
encoder_attentions_10,6,2.9589330022335054,0.1521035630314879,0.7398290468007326,0.13712384260219074
encoder_attentions_10,7,1.5451764439344406,0.08443611426174677,0.8978535516187549,0.05960481238190665
encoder_attentions_10,8,1.624734798669815,0.09603327280344763,0.7751228002086282,0.14966663412483328
encoder_attentions_10,9,1.8632663923501969,0.10303285980185348,0.928159026093781,0.05827070512877813
encoder_attentions_10,10,1.5232881191968919,0.040137658338218654,0.809475408680737,0.13281764991322612
encoder_attentions_10,11,3.1413669288158417,0.15880004261205227,0.8286786309629679,0.09915146731727725
encoder_attentions_10,12,1.7029137201309203,0.10932133703061919,0.8339966516196727,0.13306253291840192
encoder_attentions_10,13,3.0854552471637726,0.13554700528369815,0.8205109290406107,0.10506725816790351
encoder_attentions_10,14,1.6369311401844024,0.10697351496559807,0.7784379459917545,0.1684988777992083
encoder_attentions_10,15,2.3105686362981794,0.1249073158848666,0.6881488126143813,0.21347788732384776
encoder_attentions_11,0,2.8408333053588866,0.11088546043913679,0.841681787930429,0.09171614190950748
encoder_attentions_11,1,2.799509061574936,0.21341180374019067,0.8144473211839796,0.11970645363823598
encoder_attentions_11,2,1.2056073470711708,0.12527990681333354,0.9126394101604819,0.05597340143378594
encoder_attentions_11,3,1.7312973216772078,0.08752806376660233,0.8243415290862321,0.12868502017345182
encoder_attentions_11,4,1.7455322362184524,0.06681681568679222,0.8380029848963022,0.10668935965923589
encoder_attentions_11,5,3.045712705850601,0.15630349324698561,0.7643244858086109,0.09396772722451364
encoder_attentions_11,6,2.3290915575027467,0.14048472771897916,0.6469839656352997,0.09130827949218656
encoder_attentions_11,7,1.4115714782476425,0.05230089908313945,0.8546648607030511,0.0790564771690729
encoder_attentions_11,8,1.5014628381729127,0.08850590436686369,0.8045794294402003,0.16126117904528575
encoder_attentions_11,9,2.2882895884513856,0.10977104864360486,0.9413582193106413,0.0704034167801019
encoder_attentions_11,10,1.5300756530761719,0.05978191604424793,0.7904793379828334,0.12022727254358027
encoder_attentions_11,11,2.1819020500183104,0.19296277065702258,0.767929222881794,0.129915851612042
encoder_attentions_11,12,2.132477922439575,0.08265237912026449,0.8327098175883293,0.11771006557818842
encoder_attentions_11,13,3.0202701652050017,0.20794727298825685,0.8252061359584332,0.1191370025428465
encoder_attentions_11,14,1.9781766330003738,0.08165249174259914,0.77803542021662,0.16293803155122105
encoder_attentions_11,15,2.0012534782886506,0.12602859892593518,0.7223338612914085,0.21375942687727745
encoder_attentions_12,0,2.4652674465179443,0.14410774182397285,0.8384788586944342,0.08903785511633722
encoder_attentions_12,1,2.7214980697631836,0.17132882558135004,0.6804589082673193,0.09350696425743193
encoder_attentions_12,2,1.8974527062177657,0.07329435881283115,0.8899126413837075,0.06703833479576965
encoder_attentions_12,3,1.8203831932544707,0.06434292017520632,0.811870445124805,0.12449180159560959
encoder_attentions_12,4,1.5736423627138139,0.10533548339570209,0.8263649601116776,0.09529668650393357
encoder_attentions_12,5,1.7228312417268754,0.08744746807295481,0.846766436137259,0.08827103018308188
encoder_attentions_12,6,2.2994223029613496,0.18766849309704048,0.7527326594293118,0.15462156704837082
encoder_attentions_12,7,1.7908978251218797,0.041636985876015574,0.8540219826251269,0.07020130445336036
encoder_attentions_12,8,1.780184626698494,0.07815208095830536,0.7729493018984794,0.14737328491503524
encoder_attentions_12,9,1.9616581465005876,0.11034550719556706,0.924551947042346,0.06113706473370783
encoder_attentions_12,10,1.7601310082674027,0.05140919787740461,0.7934845446795226,0.1114254977982468
encoder_attentions_12,11,3.0471128420829774,0.14469432184376627,0.7879560878500342,0.10040901554393919
encoder_attentions_12,12,1.858891476392746,0.09379825804046829,0.8367818983644247,0.12650681904468256
encoder_attentions_12,13,3.1897487540245058,0.1543793411611011,0.8066250217705965,0.10306027712253751
encoder_attentions_12,14,1.8616131601333619,0.07917842857150488,0.7403607741370797,0.14697806065318592
encoder_attentions_12,15,1.9856643394231797,0.09230405391340407,0.7068495750054717,0.1454591904172563
encoder_attentions_13,0,2.39765204501152,0.11020670015860183,0.852089058868587,0.07749687776875838
encoder_attentions_13,1,3.3517557663917543,0.16489403408866482,0.7625948813557625,0.1067221759366267
encoder_attentions_13,2,1.5373452913761139,0.09838453523021691,0.8997365794330835,0.06183317028948942
encoder_attentions_13,3,1.9031395173072816,0.07209005552381059,0.8076408692449332,0.11571316572980067
encoder_attentions_13,4,1.8409227024316788,0.06904007597540412,0.8379284237325192,0.09641686160465802
encoder_attentions_13,5,1.8332937614917755,0.10235042418435618,0.8167770925536751,0.09475246077458538
encoder_attentions_13,6,2.397772667169571,0.1466078189258492,0.8228579114004969,0.13069519569210084
encoder_attentions_13,7,1.8296811122894288,0.04116759324139434,0.8414070208370685,0.08578968324405765
encoder_attentions_13,8,1.622574867606163,0.09459634107409626,0.7862490415200591,0.14890283128887005
encoder_attentions_13,9,2.1877300429344175,0.10922805139482328,0.9340264672413469,0.07122977085120681
encoder_attentions_13,10,1.4576335191726684,0.05349884095418609,0.7904284800589084,0.11023636050740092
encoder_attentions_13,11,2.923581388950348,0.1479986964809151,0.819005196839571,0.10777252483882163
encoder_attentions_13,12,1.7588578425645829,0.09464214425716191,0.8341384344920516,0.1318881744813251
encoder_attentions_13,13,2.80823410654068,0.18322734932704698,0.8178912453353405,0.10989814938478772
encoder_attentions_13,14,2.1742694919109344,0.06970377817948377,0.680115747526288,0.16305515564983145
encoder_attentions_13,15,2.268838515877724,0.10878394009463631,0.7223975409939886,0.18835371719425814
encoder_attentions_14,0,2.524070777416229,0.15496944500017362,0.8543386659026146,0.09316774501623801
encoder_attentions_14,1,2.910297980308533,0.14457850131223324,0.842163235321641,0.09843920909570171
encoder_attentions_14,2,1.5780211418867112,0.08781313984805672,0.90832035779953,0.0648283053232723
encoder_attentions_14,3,1.797522029399872,0.08535693010938308,0.8224224314466119,0.131994009306539
encoder_attentions_14,4,2.021453090429306,0.08300841245565786,0.8315810355171561,0.08875453916657382
encoder_attentions_14,5,2.7253375718593595,0.21694643099307076,0.8325953828170896,0.12431203707307889
encoder_attentions_14,6,2.351068898797035,0.18828937996589729,0.6500191717967391,0.08439691268955783
encoder_attentions_14,7,1.8348215984106064,0.06642122361675908,0.8869749969989061,0.06986786812539594
encoder_attentions_14,8,1.728909877538681,0.09775618341030931,0.7570501388981938,0.135867672228212
encoder_attentions_14,9,2.021613420367241,0.11728437415929391,0.9295000138506293,0.06704586345527552
encoder_attentions_14,10,1.673122771501541,0.04193256443055273,0.7869825725257397,0.11474293898818781
encoder_attentions_14,11,3.1973538780212403,0.15711722933110722,0.8109202716872096,0.10286778663252238
encoder_attentions_14,12,1.5590130401849747,0.13949154618045606,0.8377294528111815,0.1400457910896809
encoder_attentions_14,13,3.3099645283222197,0.16378043405408102,0.8091324563324451,0.10590298347827012
encoder_attentions_14,14,1.9162168437242508,0.0870116364998855,0.7600685591995716,0.1648634625589353
encoder_attentions_14,15,2.1210183920860293,0.14260016410239446,0.6868750425428152,0.24299995318484885
encoder_attentions_15,0,2.5386486721038817,0.15782129684426033,0.8460255663469434,0.08310431776783381
encoder_attentions_15,1,2.8363208317756654,0.1323251454732487,0.8223043770343065,0.07960730056941971
encoder_attentions_15,2,1.5589566667079926,0.10272049750403647,0.9009034153446556,0.055698441443207555
encoder_attentions_15,3,1.8638621963262558,0.07626606487436961,0.8268121057376265,0.10802798683760105
encoder_attentions_15,4,1.498185361146927,0.10983172078756992,0.8406475771963596,0.11099839373038983
encoder_attentions_15,5,2.8030052325725556,0.1214658351901695,0.8146139710769057,0.09586264076266944
encoder_attentions_15,6,2.397284256696701,0.11794818995151249,0.6633557015657425,0.10128799080263903
encoder_attentions_15,7,1.4210311794281005,0.07899645435392538,0.8808562022820116,0.06343613654259313
encoder_attentions_15,8,1.7850974609851837,0.07853149546038855,0.7636891200393439,0.15280517579462155
encoder_attentions_15,9,2.0942293041944504,0.11635954153341174,0.949060153029859,0.071982474036097
encoder_attentions_15,10,1.3536989283561707,0.08809772480336223,0.7979868397861719,0.14676036650259622
encoder_attentions_15,11,2.7649452147483826,0.1615891385231102,0.770943482927978,0.12287353598450726
encoder_attentions_15,12,1.7575382591485977,0.11303610133170862,0.8300046674162149,0.12321524090367958
encoder_attentions_15,13,3.276017668247223,0.13158773701174542,0.7973339435830712,0.09466291937448121
encoder_attentions_15,14,1.9821537158489226,0.0751028057453934,0.7179608565568923,0.16761813029677575
encoder_attentions_15,15,2.0516448740959166,0.08641537848612935,0.7259726898744703,0.14830636266958525
encoder_attentions_16,0,3.07386084985733,0.15798458148875807,0.8261000636592507,0.07704192301952872
encoder_attentions_16,1,3.116836909532547,0.15134675435494674,0.7956090821325779,0.08972418602856527
encoder_attentions_16,2,1.3170162371397018,0.09819547748493389,0.8911998456344008,0.0600488397045162
encoder_attentions_16,3,1.2478803404569625,0.04431089632577418,0.8343455908447504,0.11059801864810268
encoder_attentions_16,4,1.6176900553703308,0.07655573062402568,0.8509991208836436,0.10538548547105352
encoder_attentions_16,5,2.7855484166145326,0.14380806728166357,0.8476998016610742,0.07233146174950018
encoder_attentions_16,6,2.705847179412842,0.14150835624123548,0.7760049171745778,0.10582151115173101
encoder_attentions_16,7,1.5520892485380173,0.05770327935134907,0.8818835735321044,0.06355553531763046
encoder_attentions_16,8,1.8565863444805146,0.06427055134796442,0.7549155870079994,0.1433727800702802
encoder_attentions_16,9,1.8196561954021453,0.11214696140214214,0.9455988619476556,0.0642935699054126
encoder_attentions_16,10,1.370395516872406,0.08884806893183925,0.8106022395193577,0.1485034231882028
encoder_attentions_16,11,2.217612757921219,0.19576863969135022,0.8222551168501377,0.14258810440897401
encoder_attentions_16,12,2.1462266874313354,0.05595406792851491,0.8286194575577974,0.10672495498140491
encoder_attentions_16,13,2.950486231088638,0.19884840497126774,0.7979598638787866,0.1288653351404466
encoder_attentions_16,14,2.0553682965040205,0.07112502657524754,0.7403508683666586,0.13858048047469226
encoder_attentions_16,15,2.2324853162765503,0.11629059887599966,0.7093839725106954,0.20232225884981384
encoder_attentions_17,0,2.5426230683326723,0.15489676746393738,0.7881688936799764,0.10161449941767756
encoder_attentions_17,1,3.2177992091178895,0.14444557435221325,0.7893467741087079,0.10695862169975878
encoder_attentions_17,2,1.5030039258003234,0.11245309709798623,0.918054002635181,0.0570980775101425
encoder_attentions_17,3,1.8732226880788803,0.079852953567202,0.8162343604490161,0.13151986276809222
encoder_attentions_17,4,1.7464465856552125,0.08522033382792384,0.8403060315549373,0.10241601531986651
encoder_attentions_17,5,3.13682633972168,0.14515856004357602,0.8558704707026482,0.09067387819490681
encoder_attentions_17,6,2.621052568912506,0.14451092588834907,0.7764523250237108,0.08118673728456881
encoder_attentions_17,7,1.4403308342695236,0.07794567985747919,0.908884319216013,0.0602193179275472
encoder_attentions_17,8,1.6146138429641723,0.09564493644452125,0.7835236304998398,0.15387663551736744
encoder_attentions_17,9,1.9870413390398025,0.11627372648385446,0.9474645469337701,0.0642917686671468
encoder_attentions_17,10,1.6649337453842163,0.05004358961977538,0.7896178228408098,0.12203897457374004
encoder_attentions_17,11,2.2893516663312914,0.20294693612209838,0.8004343476146459,0.13730563243992586
encoder_attentions_17,12,1.8253919197320938,0.09847607975837586,0.8200982630252838,0.11692437085230996
encoder_attentions_17,13,3.1598942205905916,0.1311738016139854,0.8126015050709248,0.11597778049406304
encoder_attentions_17,14,1.5579456790685653,0.10295871509935063,0.7820146306976676,0.17798621231422973
encoder_attentions_17,15,2.269526908993721,0.13278957849448345,0.6364891773834824,0.19759510317891815
encoder_attentions_18,0,2.900538479089737,0.13729616573396308,0.8384444147720933,0.08030024131886665
encoder_attentions_18,1,3.3200070788860323,0.17161483536423297,0.8135686417296529,0.10125949032253422
encoder_attentions_18,2,1.6708520770072937,0.069237830788025,0.9137421119958162,0.06770378303996892
encoder_attentions_18,3,1.8272450209856033,0.07700255294964134,0.8182929907366634,0.1410456626481886
encoder_attentions_18,4,1.7240981994867324,0.09478572860315217,0.834244512245059,0.09986209201942968
encoder_attentions_18,5,2.790784802675247,0.21015069959658042,0.8040043784677983,0.09072531739079485
encoder_attentions_18,6,2.6735638983249665,0.1936772136844478,0.7985268501192331,0.12045889130624178
encoder_attentions_18,7,1.221229070007801,0.09960300502730118,0.9175623966008425,0.05986900725009857
encoder_attentions_18,8,1.7547794779539108,0.09100451963304583,0.787349855788052,0.1591038599095643
encoder_attentions_18,9,1.405449483692646,0.19791547477326077,0.9454832030832767,0.04953294039635581
encoder_attentions_18,10,1.49679390001297,0.08816232722050685,0.7696907652541995,0.14456766489869838
encoder_attentions_18,11,2.9233909885883334,0.19501944587274117,0.8149416159465909,0.11284731136814034
encoder_attentions_18,12,1.7258936731815337,0.11383558643649068,0.8380950364843011,0.12044543886916073
encoder_attentions_18,13,3.279229775428772,0.17058992883387172,0.7973505570366979,0.09975186610434741
encoder_attentions_18,14,1.867346719622612,0.12143590640964783,0.7534204482659698,0.17357415067462462
encoder_attentions_18,15,1.917801580786705,0.14633215162056518,0.7162300973385572,0.23001096808155927
encoder_attentions_19,0,2.5183563742637634,0.1715393965253151,0.8311811515316367,0.09053573809832086
encoder_attentions_19,1,2.971210488319397,0.13744143754358198,0.760949601009488,0.13420975688027548
encoder_attentions_19,2,1.6881448101997376,0.09259999942495734,0.9154188120365143,0.07888323812397989
encoder_attentions_19,3,1.654792320251465,0.11590888845096917,0.8241380892693997,0.14685954253674227
encoder_attentions_19,4,1.6343840755224228,0.11080955262896595,0.8351642925292253,0.08773035992841946
encoder_attentions_19,5,3.117992484807968,0.1644571466342805,0.8253318849205971,0.08293162741106151
encoder_attentions_19,6,2.6232261741161347,0.13346130590755667,0.8016863353177905,0.09417360766888062
encoder_attentions_19,7,1.4705582679510116,0.09191376554943641,0.9145588213577867,0.05910038296200371
encoder_attentions_19,8,1.8211414675712585,0.10043947614939049,0.7288091153278947,0.1779308710988038
encoder_attentions_19,9,2.0439052196741105,0.1261283847075114,0.9460279380530119,0.0647201284677687
encoder_attentions_19,10,1.5976005620956422,0.06314075976622625,0.7916816078126431,0.1530829237583959
encoder_attentions_19,11,2.6439725255966184,0.1922381306402688,0.7931078838557005,0.13447723035363593
encoder_attentions_19,12,2.207519567728043,0.1408022756893915,0.8300890290737152,0.0995175969530196
encoder_attentions_19,13,2.5196635015010833,0.11602683029397531,0.8120357274636626,0.10031596970603185
encoder_attentions_19,14,1.703792082309723,0.08056181402170266,0.7685901327058673,0.15390960241111895
encoder_attentions_19,15,2.019811001777649,0.172475837712825,0.671218357682228,0.23984459306795017
encoder_attentions_2,0,3.003258406639099,0.16158451589857206,0.8390784713625908,0.08528591262618263
encoder_attentions_2,1,3.0074666392803193,0.2408196961044924,0.8618613340333104,0.07324053231437483
encoder_attentions_2,2,1.669761270046234,0.08854833372420678,0.8401357262581587,0.0764754945148677
encoder_attentions_2,3,1.4980669665336608,0.05352386332214805,0.8074119742587209,0.1075678347367174
encoder_attentions_2,4,1.899828598022461,0.11722772042959215,0.847994279190898,0.08122696877878105
encoder_attentions_2,5,3.5594532616138457,0.18023817607513506,0.8673770580440759,0.08098687502647858
encoder_attentions_2,6,3.110178856611252,0.19023156345756348,0.8085943374410272,0.07360237192264409
encoder_attentions_2,7,1.7479714751243591,0.06954398761255365,0.8245159943029284,0.07852985115608159
encoder_attentions_2,8,1.8703530682325362,0.071465810505202,0.760298740118742,0.11505088459502666
encoder_attentions_2,9,2.202340808868408,0.17789471980320135,0.9275059304758906,0.07954338249809201
encoder_attentions_2,10,1.4684681680202485,0.0379145858213195,0.7894862014427781,0.10545024669105522
encoder_attentions_2,11,3.405540957212448,0.20670134943787752,0.8065663933753967,0.07717550337481988
encoder_attentions_2,12,1.7482528266906738,0.1486507777758268,0.8327517536282539,0.08648157215747329
encoder_attentions_2,13,3.2680873963832857,0.1713459034153137,0.8431823271512985,0.07705199119462555
encoder_attentions_2,14,2.0212849909067154,0.10513078859924337,0.7081940990686416,0.1049053603199221
encoder_attentions_2,15,2.4734261496067047,0.13659665994124648,0.6882285235449672,0.13616029017590775
encoder_attentions_20,0,2.735044686794281,0.16004639201730322,0.7146496350318193,0.07244085530999084
encoder_attentions_20,1,2.7849923532009124,0.1717182255889044,0.8388432440161705,0.09785519127444425
encoder_attentions_20,2,1.7360917603969575,0.07828675220185259,0.9124334516376257,0.0612290578080417
encoder_attentions_20,3,2.097415583372116,0.08226579586616892,0.8004581278190017,0.11985432017028634
encoder_attentions_20,4,1.7777889716625213,0.08737745364414544,0.8356494972854853,0.08358586815556704
encoder_attentions_20,5,3.1395240125656128,0.14926948158892733,0.787708168067038,0.09313500583289133
encoder_attentions_20,6,2.6590954496860504,0.138543849584627,0.7976884437352418,0.1144305995489442
encoder_attentions_20,7,1.7690968800783158,0.0667052230461562,0.8849910828843712,0.07035909223860333
encoder_attentions_20,8,1.762613904953003,0.08317289670133832,0.7441263141855597,0.16333679723892316
encoder_attentions_20,9,1.424035006225109,0.18735712263301713,0.9413971127569676,0.050780782687302836
encoder_attentions_20,10,1.54970685338974,0.09540978203484325,0.7931558595970273,0.14262237066708425
encoder_attentions_20,11,3.209128960132599,0.16695835030695907,0.800093089826405,0.09423521158240937
encoder_attentions_20,12,1.8231398334503175,0.09357614260874583,0.8117037099599839,0.120913641803703
encoder_attentions_20,13,3.110245181798935,0.1550107441523878,0.8044883298128843,0.1067921706122704
encoder_attentions_20,14,1.9764901742935181,0.10442409267104548,0.7537831683084368,0.1731457534263065
encoder_attentions_20,15,1.9312557754516602,0.1502472041180093,0.7093976643308997,0.17213062073136004
encoder_attentions_21,0,2.398437620282173,0.17571432952255753,0.846809451803565,0.07143417775966272
encoder_attentions_21,1,2.907638668298721,0.182365874934934,0.6457768223807215,0.09153786816731735
encoder_attentions_21,2,1.4177541221380234,0.1425582999130329,0.9191385582089424,0.05597444695367836
encoder_attentions_21,3,1.755827936053276,0.0561998741708864,0.8123892224207521,0.11216560330260984
encoder_attentions_21,4,1.6151457983255386,0.12147492358009379,0.8553615530952812,0.11024854183177271
encoder_attentions_21,5,3.2901576471328737,0.11213113988691774,0.7894676971808076,0.09153493677120386
encoder_attentions_21,6,2.5674740948677064,0.14394527764948334,0.6920054664462805,0.130285564360368
encoder_attentions_21,7,1.30347664809227,0.15167692367948943,0.9112893549352884,0.06556248669749397
encoder_attentions_21,8,1.4700527973175048,0.08187377997567383,0.7069082858040929,0.13843988091267523
encoder_attentions_21,9,1.6184320917129518,0.18869453583790063,0.9444048954173923,0.05154256075893918
encoder_attentions_21,10,1.3475934435129167,0.089713295033258,0.8068521175533533,0.1590346543405979
encoder_attentions_21,11,2.56083464717865,0.14596309390144965,0.7970126080513,0.11672373155347956
encoder_attentions_21,12,1.537226033806801,0.12307252751651479,0.8313791457563638,0.1342202222011456
encoder_attentions_21,13,3.2168803300857545,0.13228764111473204,0.8137559342756867,0.1051333674274964
encoder_attentions_21,14,1.8820984927415847,0.09211106743105411,0.7537784684449435,0.16860834627011645
encoder_attentions_21,15,1.7882866501808166,0.14868899992857568,0.732331694252789,0.22763517028703217
encoder_attentions_22,0,2.84509948182106,0.15125419701646925,0.8562818777933717,0.0838034711493174
encoder_attentions_22,1,2.850865629196167,0.15085652625989987,0.8093463417887687,0.10093068450016851
encoder_attentions_22,2,1.0149459950327873,0.17673377870700993,0.9254892821982503,0.05720085050572586
encoder_attentions_22,3,1.5689915938377381,0.1285983143670224,0.8176689229905605,0.14701283876855745
encoder_attentions_22,4,1.7145871750116348,0.11007855012411494,0.8559628760442137,0.10159506220425751
encoder_attentions_22,5,2.6975007514953613,0.21229630129644755,0.7983480198308825,0.13602313864339644
encoder_attentions_22,6,2.9633107402324677,0.16324594076215354,0.778317096978426,0.12014591492559869
encoder_attentions_22,7,1.193489627301693,0.10768020992928354,0.8901064685732126,0.057431020018545206
encoder_attentions_22,8,1.6557428735494613,0.11058529428286237,0.7820550830662251,0.16773378363828612
encoder_attentions_22,9,2.0420178116559984,0.14770250192251996,0.9423946054279804,0.07212936891168718
encoder_attentions_22,10,1.5370515005588532,0.08532041531452779,0.7940208156779408,0.1457782302919158
encoder_attentions_22,11,3.346058718442917,0.17682990463983198,0.8186974348127842,0.10886114791861469
encoder_attentions_22,12,1.7824387115240097,0.14180607521428823,0.8264260542392731,0.1300209450317299
encoder_attentions_22,13,2.816783677816391,0.20597424100806877,0.8000735959783196,0.1361300522418814
encoder_attentions_22,14,1.660816733121872,0.12354972540361726,0.7585920768976212,0.16176972731795797
encoder_attentions_22,15,1.8320942322015763,0.16735004040316448,0.6884392554312945,0.24904674789689923
encoder_attentions_23,0,2.719422604084015,0.10735914779850397,0.8505682105198502,0.08350901650541373
encoder_attentions_23,1,3.1323162035942076,0.16511955555707272,0.7937946527451277,0.09479314018754507
encoder_attentions_23,2,1.656730850458145,0.10250973996858757,0.8997938112914562,0.062423860220063986
encoder_attentions_23,3,1.6616805453300476,0.07501727320187399,0.8246526470780373,0.1414388592793052
encoder_attentions_23,4,2.017666719317436,0.08710070097162892,0.8459772299230098,0.10127269141579522
encoder_attentions_23,5,2.986353325366974,0.15259786397088984,0.8401163601502776,0.10328611804062497
encoder_attentions_23,6,2.5095403227806092,0.16328256707793956,0.7927844553440809,0.13137041577696126
encoder_attentions_23,7,1.27143836915493,0.11247892141012512,0.9001860699430108,0.06892256532961706
encoder_attentions_23,8,1.5370958625078202,0.11137781823329425,0.7787171196192503,0.1664417968257382
encoder_attentions_23,9,2.1576710233688354,0.18411745518473657,0.9450488704070449,0.06859347868378939
encoder_attentions_23,10,1.4728082475662232,0.06732054534571859,0.8091782579943537,0.1412207001958064
encoder_attentions_23,11,2.9833370203971863,0.17196679377645097,0.8161322149634361,0.12426139235414213
encoder_attentions_23,12,2.008583092570305,0.13313900865434,0.824692818261683,0.11860765569535878
encoder_attentions_23,13,2.9590236299037933,0.15273358702639384,0.8140789794176817,0.11103896021482951
encoder_attentions_23,14,1.8742066794633865,0.07843194744107677,0.7061621254682541,0.15909218994696003
encoder_attentions_23,15,1.9885644433498382,0.13892432928169615,0.7330660131201148,0.21861624018319967
encoder_attentions_3,0,3.4582729027271273,0.1702315575914531,0.8525260578840971,0.08320766431310511
encoder_attentions_3,1,3.1538356952667237,0.2062211953076316,0.8584238734096289,0.08160874347063449
encoder_attentions_3,2,1.7936626493930816,0.1993730289304396,0.8814592272415758,0.05995777605418739
encoder_attentions_3,3,1.939634968996048,0.05263801527272423,0.7930550707131624,0.09355407734846105
encoder_attentions_3,4,1.4889940737485885,0.15803177881513045,0.8473243261873722,0.06781580667012788
encoder_attentions_3,5,3.303939311027527,0.24377922045824138,0.86376091491431,0.07657360807228972
encoder_attentions_3,6,3.2723457510471343,0.1851827291709644,0.8315539075061679,0.0829173956134546
encoder_attentions_3,7,1.8277936486005784,0.07710862445059075,0.8268607948720456,0.08267300152136939
encoder_attentions_3,8,1.3759135569334031,0.1207086604793474,0.7777266643196344,0.10320235412770845
encoder_attentions_3,9,2.2255532314777375,0.12903335566903737,0.9117488244175911,0.07110271379867472
encoder_attentions_3,10,1.422302987575531,0.05341041443559271,0.757575295753777,0.1043697633969986
encoder_attentions_3,11,3.2017392525672914,0.19504683745469215,0.8332008223608136,0.07181115574161664
encoder_attentions_3,12,1.6504422253370286,0.14882571755254279,0.8585156548023224,0.07648288344551084
encoder_attentions_3,13,3.2130545132160186,0.20574451833670016,0.8607802128046751,0.07451354341612677
encoder_attentions_3,14,2.2841188968420028,0.13706600779836633,0.7153624854981899,0.10497404177387212
encoder_attentions_3,15,2.709506106376648,0.1453182475915084,0.6872412396222353,0.14821330770302846
encoder_attentions_4,0,2.9497963523864748,0.1957237977269467,0.8667665785551071,0.09657275650226053
encoder_attentions_4,1,3.386424374818802,0.19973235356242075,0.8349634678289294,0.07810266589956127
encoder_attentions_4,2,1.9438734086751939,0.08332729212204085,0.8586916967481375,0.07056613084913516
encoder_attentions_4,3,2.1094772160053252,0.06469956988882308,0.7984807043522596,0.09751383224342665
encoder_attentions_4,4,1.9393863241672515,0.08739406232170699,0.8087870169058442,0.07167752617935873
encoder_attentions_4,5,3.495450100660324,0.19236972026488372,0.844748464114964,0.08210270544797088
encoder_attentions_4,6,2.790733176231384,0.15470656032782062,0.7923670170456171,0.08675195489136066
encoder_attentions_4,7,1.6505517724752425,0.04876757547162103,0.8411588177829981,0.09134435128482367
encoder_attentions_4,8,1.9009367430210113,0.09036360059284296,0.7093021435663104,0.09925515362855243
encoder_attentions_4,9,2.575123088359833,0.14506437443839942,0.9135058518126606,0.08063311849306871
encoder_attentions_4,10,1.5555306156873703,0.05746531684357852,0.7817278052121401,0.10691090215448733
encoder_attentions_4,11,3.3225317130088805,0.2381351521992141,0.8367675451934338,0.08060154438174798
encoder_attentions_4,12,1.9462160111665725,0.10920904079984574,0.8453820990398526,0.08723607587109668
encoder_attentions_4,13,2.641257480382919,0.19218134227277628,0.9013347955793143,0.060672634109621745
encoder_attentions_4,14,2.0433800841569902,0.09352589459536433,0.7512831551209093,0.12570905072859168
encoder_attentions_4,15,2.288618443489075,0.10719640259039065,0.7131379495188593,0.11068223603186479
encoder_attentions_5,0,2.6574474289417265,0.15033444408837066,0.867031459249556,0.0968535771754432
encoder_attentions_5,1,3.05686686873436,0.17107007553270281,0.8292956898361444,0.09849009200405309
encoder_attentions_5,2,2.076648032426834,0.06736025216359244,0.8585377280041575,0.08185504200348706
encoder_attentions_5,3,1.953154121041298,0.06923189462681661,0.8112129003927112,0.12251710068526774
encoder_attentions_5,4,1.584979678273201,0.09973101708331775,0.8337891332060099,0.10560647492379985
encoder_attentions_5,5,3.323929172039032,0.13250728738505507,0.8304091420024633,0.0906517222300276
encoder_attentions_5,6,2.766210885763168,0.171652266143937,0.7886010069772601,0.13481502909857684
encoder_attentions_5,7,1.1176193054318428,0.0600221396850161,0.87301748752594,0.06944395576500621
encoder_attentions_5,8,1.5224871058464051,0.08853831637361353,0.7871996599808335,0.16359293276285908
encoder_attentions_5,9,2.286069666028023,0.1499193786005658,0.920193095356226,0.0674189832766334
encoder_attentions_5,10,1.75964895260334,0.04505670071121834,0.7849135605618358,0.11239423207334617
encoder_attentions_5,11,2.921452298164368,0.25203816619712366,0.8315118135139347,0.11881695928251808
encoder_attentions_5,12,1.7240659561157226,0.1077057440726486,0.8395599237456918,0.12853055943879269
encoder_attentions_5,13,3.0391503410339356,0.23744160205774784,0.831229234971106,0.11560612982702093
encoder_attentions_5,14,1.9677442330121995,0.09656670474261889,0.7720158408954739,0.15845303144406178
encoder_attentions_5,15,2.0765604338645933,0.19332914067425883,0.7238148744031787,0.2211142991959062
encoder_attentions_6,0,3.297354845046997,0.14268717435448847,0.8427291017025709,0.09005318602160187
encoder_attentions_6,1,3.062897762298584,0.13878808139343415,0.8058286172151565,0.10089376264537718
encoder_attentions_6,2,1.5172236292362213,0.10530866213484873,0.8972707757353783,0.04966654395111394
encoder_attentions_6,3,1.3643696866035462,0.0582602471547435,0.8057194726914167,0.10133948976139856
encoder_attentions_6,4,2.0618735281229017,0.07988615039223804,0.8363282405957579,0.09043408363634273
encoder_attentions_6,5,2.5546448357105254,0.14283161179938497,0.8072212887555361,0.0914654938792909
encoder_attentions_6,6,2.786146067857742,0.16766116590257918,0.7787316370010376,0.14051617299536254
encoder_attentions_6,7,1.7235817033052445,0.04886220583075009,0.8314461735449732,0.09097958893692712
encoder_attentions_6,8,1.7932447069883346,0.06739087307240675,0.765612836368382,0.12145307046636895
encoder_attentions_6,9,1.864063508629799,0.16206977122103802,0.9336279363557697,0.05776159784029076
encoder_attentions_6,10,1.509734629392624,0.056952570019580324,0.8101918165385723,0.13407348597484658
encoder_attentions_6,11,3.169744103908539,0.17513616789656697,0.8233932268247008,0.09642578784510067
encoder_attentions_6,12,2.158600367307663,0.11335984638005861,0.831519210152328,0.11642887247286145
encoder_attentions_6,13,2.7770539259910585,0.243997026039751,0.8300479758903384,0.1270421171658257
encoder_attentions_6,14,1.7839360319375992,0.07457286349048055,0.777887983545661,0.14902199379142458
encoder_attentions_6,15,2.500711345911026,0.1364162010761422,0.6943439097702503,0.18448055823748014
encoder_attentions_7,0,2.931237698316574,0.12406809192216402,0.8590010846778751,0.09198425360099091
encoder_attentions_7,1,2.8260362296104433,0.17316079890279484,0.8157975988090038,0.11421267874737175
encoder_attentions_7,2,1.5478982216119765,0.08441539027886623,0.8851268315315246,0.05818479673209609
encoder_attentions_7,3,1.7869444051980972,0.06043543662912958,0.812792104035616,0.12025700776655555
encoder_attentions_7,4,1.62755209171772,0.10586549612379616,0.8410443220287561,0.11596963500257089
encoder_attentions_7,5,3.3149890868663787,0.17970217705751287,0.8461168872192502,0.09291943579249368
encoder_attentions_7,6,2.6746510169506075,0.1510489020269871,0.81414192058146,0.13402645410165892
encoder_attentions_7,7,1.7439371466636657,0.048304207062440395,0.8546934173628687,0.06946898628544561
encoder_attentions_7,8,1.6720464072227479,0.07952266131994654,0.7995262695476413,0.16196731887777957
encoder_attentions_7,9,2.319515318632126,0.12631699293220677,0.9429967395216227,0.06752527052479244
encoder_attentions_7,10,1.2533550189733504,0.049773995161240994,0.807401547767222,0.11002702917547974
encoder_attentions_7,11,2.458123191356659,0.17142783345776363,0.78295524161309,0.11913964500610856
encoder_attentions_7,12,1.7600254974365235,0.11178403036043613,0.8342988284677267,0.12959937536527852
encoder_attentions_7,13,3.190157575368881,0.15170655131223312,0.8080518550425768,0.1090962515197712
encoder_attentions_7,14,2.0116256469488145,0.07944488942148059,0.7534254885464907,0.14384034496642806
encoder_attentions_7,15,2.3387171087265015,0.11687560170347752,0.7091931516677141,0.21353623199707
encoder_attentions_8,0,2.607308240175247,0.11554324844973568,0.8720111084729433,0.09013362112406094
encoder_attentions_8,1,3.3987370796203615,0.126939236028849,0.8277077006176115,0.09241328212254998
encoder_attentions_8,2,1.7745487496852874,0.060747769229862726,0.8775863970816136,0.06072066385941148
encoder_attentions_8,3,1.948448217153549,0.08229469982832344,0.8171116289496422,0.13037692923681712
encoder_attentions_8,4,1.603487712264061,0.07981918294683213,0.8327129289880395,0.10759778670386393
encoder_attentions_8,5,2.1226201479434965,0.10849911235093941,0.838568145930767,0.08901290338807312
encoder_attentions_8,6,3.1102393374443054,0.15110638849224034,0.7794974669441581,0.09933289736371895
encoder_attentions_8,7,1.185675420343876,0.0848033203094394,0.8738071905076503,0.06300255706768293
encoder_attentions_8,8,1.8186777156591416,0.0849810707291387,0.7872093033418059,0.15534207586376794
encoder_attentions_8,9,1.9567950311899185,0.1295844449200676,0.9357111727073789,0.06276917589904593
encoder_attentions_8,10,1.2487577946186066,0.08321756323623947,0.8120733373984694,0.15834925618309426
encoder_attentions_8,11,2.746501851797104,0.18293503995291593,0.8280282516032458,0.12808946811674585
encoder_attentions_8,12,1.7924540518522263,0.10246508923625175,0.8234478184208274,0.1377441593697199
encoder_attentions_8,13,2.991741882801056,0.13145667006606285,0.819640703164041,0.11824400286508178
encoder_attentions_8,14,1.660243536233902,0.10529120107446902,0.7874698124825954,0.16273158826497577
encoder_attentions_8,15,2.3870902330875396,0.12466643374150829,0.7221040369942784,0.18730707135864863
encoder_attentions_9,0,2.5661211059093474,0.1366600637754206,0.854607357941568,0.09835720414735707
encoder_attentions_9,1,3.0639872143268585,0.16093450534658302,0.7888177329674363,0.12881753815680594
encoder_attentions_9,2,1.5751795095205308,0.08210889239308743,0.8976250825077295,0.06092643596712495
encoder_attentions_9,3,1.6262883632183074,0.08443525801512092,0.8208366450667381,0.14529747722664127
encoder_attentions_9,4,1.837393249630928,0.07344208763863379,0.8374406018108129,0.10745270602195571
encoder_attentions_9,5,2.692143113851547,0.11671725884272059,0.8076592290401459,0.09708105823188667
encoder_attentions_9,6,2.830713210105896,0.13846539254778126,0.7878414651751519,0.13850640957979496
encoder_attentions_9,7,1.7571498658657074,0.04100251242174421,0.8492746780067683,0.07137045478061867
encoder_attentions_9,8,1.462208475470543,0.10822574563739398,0.8002724792808295,0.1499593998553703
encoder_attentions_9,9,1.788816489458084,0.12038481794543038,0.9417091597616672,0.06594089919745741
encoder_attentions_9,10,1.3983045979738236,0.07067588001731472,0.7979394125193358,0.13848724084598873
encoder_attentions_9,11,3.1554857380390167,0.19171346602467412,0.8041319604590536,0.11733761763812958
encoder_attentions_9,12,1.7642483228445054,0.10217941888225915,0.8303472889214754,0.1322133027590667
encoder_attentions_9,13,2.939927539348602,0.13454492213847632,0.8283133783563972,0.11182055835079881
encoder_attentions_9,14,1.5477432420253754,0.1225443133328843,0.7857879097759723,0.17761174052562143
encoder_attentions_9,15,1.9797218593358994,0.13354317153209208,0.727786698974669,0.2144953108969482
